UID,채무 불이행 확률
TEST_0000,0.25223014146067424
TEST_0001,0.0018695809212458021
TEST_0002,0.006684879141871656
TEST_0003,2.3360362668086158e-05
TEST_0004,0.0005133088651754203
TEST_0005,1.5681940289635288e-06
TEST_0006,0.9969862347004746
TEST_0007,0.4885996811658292
TEST_0008,0.005386328644482229
TEST_0009,0.0027249849645882883
TEST_0010,0.011300845753062802
TEST_0011,1.642098162702298e-05
TEST_0012,8.221812915441235e-07
TEST_0013,0.0002742975225716142
TEST_0014,0.2764887908267826
TEST_0015,3.834558599932863e-05
TEST_0016,0.007150490737473011
TEST_0017,7.968782085872773e-07
TEST_0018,8.694397512043557e-07
TEST_0019,0.16520688313250798
TEST_0020,0.0033159473633889817
TEST_0021,3.5595044256750783e-06
TEST_0022,0.0003288503440900041
TEST_0023,0.03730268022836535
TEST_0024,3.74408254836266e-05
TEST_0025,0.13764780412567268
TEST_0026,0.017502624129408794
TEST_0027,0.0019194499032164707
TEST_0028,0.6585074494418772
TEST_0029,0.9999926673784706
TEST_0030,2.638559643635983e-07
TEST_0031,0.00012250322012877197
TEST_0032,1.9260820513154127e-05
TEST_0033,0.9981336853633453
TEST_0034,0.003099169972250684
TEST_0035,3.159037710398504e-05
TEST_0036,0.00036190604237972717
TEST_0037,1.3357826679878324e-05
TEST_0038,0.05209548373418194
TEST_0039,0.09397455920637575
TEST_0040,0.9141442007663497
TEST_0041,9.736400713413192e-07
TEST_0042,3.430388771211718e-09
TEST_0043,0.000181833346252446
TEST_0044,2.3274180287548963e-05
TEST_0045,0.00039144884334978527
TEST_0046,7.385019057603212e-05
TEST_0047,0.0003263603235034312
TEST_0048,0.8190000606960477
TEST_0049,0.0003120793060367622
TEST_0050,0.003632551524997901
TEST_0051,1.4624175945960603e-06
TEST_0052,0.405506292033783
TEST_0053,0.0031431443904716026
TEST_0054,0.0005657758972518298
TEST_0055,2.5006125883023096e-06
TEST_0056,4.6721199036749443e-08
TEST_0057,2.9285571542401648e-06
TEST_0058,0.9886950353466352
TEST_0059,1.8834563696850276e-06
TEST_0060,1.5173766165309297e-06
TEST_0061,2.8246407578990885e-07
TEST_0062,0.016664559356074804
TEST_0063,0.009827266108475848
TEST_0064,0.26246786378821435
TEST_0065,0.0017798708452765142
TEST_0066,2.9584735951971277e-05
TEST_0067,6.736335997263606e-07
TEST_0068,4.78542298751614e-05
TEST_0069,9.961395713614283e-05
TEST_0070,0.0018893844397517192
TEST_0071,0.2610684919791849
TEST_0072,1.2419537860532354e-08
TEST_0073,4.061709086631221e-05
TEST_0074,0.01115403245021949
TEST_0075,0.24343314995412538
TEST_0076,8.925408029910237e-06
TEST_0077,0.001282430838678554
TEST_0078,8.350118984043525e-05
TEST_0079,0.00011983080269027771
TEST_0080,6.340028036723372e-06
TEST_0081,0.0981585612056593
TEST_0082,0.07688154758697395
TEST_0083,0.06398017275309452
TEST_0084,0.08393722458894172
TEST_0085,0.00012832218677293387
TEST_0086,0.13940080277548075
TEST_0087,0.0010434142364474247
TEST_0088,1.283225055082508e-07
TEST_0089,0.001972301519847565
TEST_0090,0.8206449770957626
TEST_0091,1.814438388674949e-05
TEST_0092,0.005728646988944487
TEST_0093,0.8111755586465206
TEST_0094,2.0139289813199695e-06
TEST_0095,5.969538592636036e-05
TEST_0096,2.6960612653348168e-06
TEST_0097,0.011531001946877877
TEST_0098,0.010942209592012463
TEST_0099,8.050692981019748e-05
TEST_0100,0.00038185981221395594
TEST_0101,1.8972633810590667e-07
TEST_0102,3.588351507004805e-05
TEST_0103,8.371033036805818e-07
TEST_0104,0.9096728837352687
TEST_0105,4.067417077520668e-06
TEST_0106,0.37745307898622904
TEST_0107,3.1990453097748174e-05
TEST_0108,1.8747010940582432e-06
TEST_0109,7.929197421900592e-05
TEST_0110,4.005365863240838e-09
TEST_0111,0.003429457511492688
TEST_0112,7.002943057989749e-06
TEST_0113,0.0040590658631331385
TEST_0114,0.000550577051640219
TEST_0115,0.0017798295926272354
TEST_0116,0.2877249696504795
TEST_0117,1.095292245314087e-07
TEST_0118,4.047022508848907e-06
TEST_0119,0.015069796800997981
TEST_0120,0.0003215091539746144
TEST_0121,3.263617184926496e-05
TEST_0122,1.6071652450143317e-06
TEST_0123,8.90181575689665e-06
TEST_0124,0.00015528473958214948
TEST_0125,7.00792321520802e-05
TEST_0126,2.7790500126679784e-06
TEST_0127,0.0002571844201272044
TEST_0128,9.245793731702022e-06
TEST_0129,0.24692745278365608
TEST_0130,0.00026973575166712124
TEST_0131,8.434892265368256e-06
TEST_0132,0.2943362639842431
TEST_0133,4.758977947233639e-05
TEST_0134,0.0018579948372447186
TEST_0135,0.1236249207730243
TEST_0136,0.86394255039283
TEST_0137,0.04648980559854354
TEST_0138,0.9983678740490779
TEST_0139,0.9996646793512948
TEST_0140,0.9940265430137357
TEST_0141,0.0002641333679560408
TEST_0142,4.892502712078855e-06
TEST_0143,1.669168812923609e-06
TEST_0144,1.0380127060188013e-05
TEST_0145,0.0006858773226958135
TEST_0146,0.0017617640710033292
TEST_0147,0.0007837319021949163
TEST_0148,8.838929714951378e-06
TEST_0149,0.00047002968181029974
TEST_0150,0.2519168900444803
TEST_0151,0.025102642362399695
TEST_0152,0.1478044868454486
TEST_0153,5.464314696074079e-08
TEST_0154,0.7634407523711173
TEST_0155,6.331491327862484e-07
TEST_0156,0.9699638364347711
TEST_0157,5.79850037284543e-06
TEST_0158,0.006695720296559138
TEST_0159,3.819610932394928e-06
TEST_0160,0.9903574461692537
TEST_0161,3.0489044370992292e-05
TEST_0162,2.6441259206621448e-05
TEST_0163,0.0159612937288028
TEST_0164,0.0018197279490825991
TEST_0165,1.3414004150175237e-08
TEST_0166,0.022044498721332975
TEST_0167,0.7650151008404267
TEST_0168,0.0012842228004569629
TEST_0169,0.5567776665061466
TEST_0170,0.9152107413877368
TEST_0171,0.0002036000832118352
TEST_0172,1.4511134306077062e-05
TEST_0173,1.5509642849360885e-05
TEST_0174,0.00048503146296810106
TEST_0175,0.016477502528546913
TEST_0176,1.7780390801761048e-05
TEST_0177,0.012832926060912167
TEST_0178,0.013537885307316009
TEST_0179,0.009925558608174068
TEST_0180,0.0018814449695675314
TEST_0181,1.5537884166728793e-07
TEST_0182,0.000385486194923107
TEST_0183,6.004001194633847e-08
TEST_0184,0.23822960528352272
TEST_0185,4.426942055724572e-05
TEST_0186,4.48185579922844e-08
TEST_0187,4.4061592331424026e-05
TEST_0188,0.00023443770145657088
TEST_0189,3.7129676471548614e-05
TEST_0190,0.5010946428443747
TEST_0191,1.9085911819607738e-05
TEST_0192,0.00013657139400587314
TEST_0193,4.910549040679986e-07
TEST_0194,1.2491699909909805e-08
TEST_0195,7.558965351477425e-05
TEST_0196,0.6581159449786033
TEST_0197,0.43265253406518916
TEST_0198,9.87469407285614e-05
TEST_0199,0.9238376908802933
TEST_0200,6.799418484973527e-07
TEST_0201,0.6397032882510508
TEST_0202,1.0940125354181618e-06
TEST_0203,2.781174050496039e-06
TEST_0204,0.05802223863064643
TEST_0205,0.28246571117871333
TEST_0206,0.9834113376028074
TEST_0207,2.4012716189895924e-07
TEST_0208,7.93312544210369e-08
TEST_0209,0.8991769036565556
TEST_0210,0.002805881456420813
TEST_0211,0.9482072444218471
TEST_0212,0.03054052753545899
TEST_0213,0.0013291735353772364
TEST_0214,1.252409297344197e-06
TEST_0215,0.001124873457777594
TEST_0216,3.779915818070661e-07
TEST_0217,0.0032837224295342153
TEST_0218,4.0767200648482696e-07
TEST_0219,0.0006718847741087411
TEST_0220,0.0014081253957589804
TEST_0221,5.0487847777536445e-05
TEST_0222,0.9748676349699801
TEST_0223,0.0040109892730527345
TEST_0224,4.475908730156234e-06
TEST_0225,0.004100314173662029
TEST_0226,3.834237799998677e-05
TEST_0227,0.0026070794154033025
TEST_0228,0.02037170691102521
TEST_0229,4.307611240096585e-07
TEST_0230,0.000845696290420848
TEST_0231,0.7553349127548831
TEST_0232,0.000376647257115971
TEST_0233,4.2847010325298076e-05
TEST_0234,2.5373623217295284e-07
TEST_0235,0.18701554227181738
TEST_0236,0.00047153827324018425
TEST_0237,0.0510520034035348
TEST_0238,0.04264204168867535
TEST_0239,0.00012626363417844096
TEST_0240,0.0038529431605201464
TEST_0241,3.1338166435190333e-06
TEST_0242,0.004648678538821965
TEST_0243,0.3570161548908347
TEST_0244,3.5929380312248944e-06
TEST_0245,0.8477773750765749
TEST_0246,0.0004279752659114928
TEST_0247,0.9980349563358557
TEST_0248,0.0010382807567244727
TEST_0249,9.617670845342073e-05
TEST_0250,1.9067801197677917e-07
TEST_0251,0.5063170456014284
TEST_0252,0.9947963525487359
TEST_0253,0.0350900537375925
TEST_0254,2.9374308397546362e-06
TEST_0255,0.9934694348951987
TEST_0256,0.02654400303573883
TEST_0257,9.442520743345614e-06
TEST_0258,7.216116087277773e-05
TEST_0259,8.066564721972396e-07
TEST_0260,2.6468931301996117e-06
TEST_0261,0.0026194826385903163
TEST_0262,1.5672096047986105e-05
TEST_0263,0.02965044684121752
TEST_0264,0.4849939572051529
TEST_0265,0.0006156130815077065
TEST_0266,0.00011925967933965857
TEST_0267,0.00013755811427331886
TEST_0268,0.00203906435522834
TEST_0269,1.0543368374480473e-05
TEST_0270,4.146146477167472e-06
TEST_0271,0.006479425340998705
TEST_0272,1.46439403619095e-05
TEST_0273,0.05113991602683051
TEST_0274,7.757822730021393e-08
TEST_0275,7.276454909271389e-06
TEST_0276,0.0002833506630302905
TEST_0277,1.979308731662301e-06
TEST_0278,0.00012579023039742193
TEST_0279,0.010934754784398235
TEST_0280,2.42814835229071e-05
TEST_0281,3.1101376208589843e-06
TEST_0282,1.4266827609137218e-07
TEST_0283,0.008351957296569242
TEST_0284,2.7406651618210543e-05
TEST_0285,0.005933009410372113
TEST_0286,3.7424961258790398e-06
TEST_0287,0.009596926783990448
TEST_0288,0.00027327175444819907
TEST_0289,3.297262208382807e-07
TEST_0290,3.9969063053502343e-05
TEST_0291,7.438943426303419e-08
TEST_0292,3.036717499974456e-05
TEST_0293,1.253358122241488e-05
TEST_0294,1.2022413002051272e-06
TEST_0295,0.2385550320033024
TEST_0296,2.445384699978329e-08
TEST_0297,4.5455922020907854e-06
TEST_0298,0.03339858427321792
TEST_0299,0.03493720304297114
TEST_0300,0.023517106078456185
TEST_0301,4.4749406691491025e-05
TEST_0302,0.11463900063121682
TEST_0303,0.00022104294846424864
TEST_0304,0.00351491160096812
TEST_0305,2.5032567223325537e-05
TEST_0306,0.5309358321904024
TEST_0307,0.9995142884718985
TEST_0308,0.7990578373513609
TEST_0309,5.279795460713575e-07
TEST_0310,4.0332240570113275e-05
TEST_0311,0.243862307117628
TEST_0312,0.019165734363911797
TEST_0313,0.00040167996252650934
TEST_0314,0.04160648793030719
TEST_0315,0.0026645854840905755
TEST_0316,6.359406185321504e-06
TEST_0317,0.9982034344652543
TEST_0318,6.759538537555823e-05
TEST_0319,0.1420067688189341
TEST_0320,0.14998573631233728
TEST_0321,0.9990102350706348
TEST_0322,0.9616428560822026
TEST_0323,9.42893152265156e-05
TEST_0324,0.9998871811423931
TEST_0325,2.089924894510934e-07
TEST_0326,0.2588044154379867
TEST_0327,8.557638988922439e-05
TEST_0328,0.06285942376530335
TEST_0329,0.008607015369798408
TEST_0330,6.605473379120654e-07
TEST_0331,0.00017107839820207225
TEST_0332,0.0036186847086505285
TEST_0333,0.0734894312211708
TEST_0334,8.912197388553689e-06
TEST_0335,0.0033695004074261207
TEST_0336,3.29506219565499e-06
TEST_0337,0.09285410779578485
TEST_0338,0.0006522498946160908
TEST_0339,2.0025624420515853e-07
TEST_0340,0.22315763862172083
TEST_0341,1.9584947928633067e-06
TEST_0342,0.00040071829483148165
TEST_0343,0.014407526795837509
TEST_0344,2.926340250727688e-05
TEST_0345,3.941903473627043e-06
TEST_0346,0.0001513836869421144
TEST_0347,0.0020701694538202927
TEST_0348,0.8746459272392126
TEST_0349,0.9317526622132628
TEST_0350,0.002953226387317596
TEST_0351,0.0009642948132837115
TEST_0352,0.00018729178759066325
TEST_0353,0.21060457316478745
TEST_0354,0.0027623262792231475
TEST_0355,0.6000811639890233
TEST_0356,0.007439307561570611
TEST_0357,3.6003565843609335e-05
TEST_0358,4.3033345170238765e-05
TEST_0359,0.7574301623719968
TEST_0360,8.910673663946482e-07
TEST_0361,1.2304232604845891e-05
TEST_0362,0.000962559473232641
TEST_0363,0.01646467834269396
TEST_0364,0.04139678423598856
TEST_0365,0.001325716779060764
TEST_0366,0.00014456624652178706
TEST_0367,0.34458521451767626
TEST_0368,0.0006819012632342998
TEST_0369,0.0015183589257984993
TEST_0370,4.9995149933743675e-05
TEST_0371,0.000155614472478397
TEST_0372,0.0002447373693839245
TEST_0373,1.024405778525869e-06
TEST_0374,0.001447189410150355
TEST_0375,9.569026088195034e-08
TEST_0376,9.213980574906613e-07
TEST_0377,0.00023027981880292039
TEST_0378,0.06598117116619
TEST_0379,0.9862853468534574
TEST_0380,3.2980660186981144e-06
TEST_0381,0.4810932402630926
TEST_0382,0.012279291857545558
TEST_0383,0.0002884062037721612
TEST_0384,0.00016416277712478673
TEST_0385,0.00019101093057080493
TEST_0386,0.0021029427500205786
TEST_0387,0.980465172621939
TEST_0388,4.805843197368297e-08
TEST_0389,1.8730624903916186e-05
TEST_0390,7.317775344424675e-05
TEST_0391,0.0054264492563302685
TEST_0392,7.772151666084161e-06
TEST_0393,0.005073348149199754
TEST_0394,0.0002918902265586225
TEST_0395,0.00019583615222324802
TEST_0396,0.0035511597855952775
TEST_0397,0.0005905982450078363
TEST_0398,0.171215036697956
TEST_0399,6.339950694646714e-05
TEST_0400,0.00023123650264501633
TEST_0401,4.401551939856895e-06
TEST_0402,0.3101618647799789
TEST_0403,0.00016619473244515844
TEST_0404,0.010357234040310257
TEST_0405,3.3664901872460076e-05
TEST_0406,0.0006765767525429087
TEST_0407,0.9741529065863638
TEST_0408,2.2726814193816137e-05
TEST_0409,0.2052436905067504
TEST_0410,0.00024265703504790532
TEST_0411,0.0005871451644650182
TEST_0412,0.003927205034359292
TEST_0413,5.229922204524315e-07
TEST_0414,4.812613460794025e-05
TEST_0415,0.2397359107038096
TEST_0416,2.1590022415523124e-07
TEST_0417,0.7957051319786309
TEST_0418,0.00010718388832579997
TEST_0419,0.001656370761580735
TEST_0420,0.0050624526012769296
TEST_0421,0.7003789598070209
TEST_0422,4.617835662701024e-06
TEST_0423,7.516891512728214e-07
TEST_0424,0.06504436003236105
TEST_0425,0.0006340902453589063
TEST_0426,0.004337485202837364
TEST_0427,7.757624929831255e-08
TEST_0428,0.008644679868079057
TEST_0429,0.00014167768353667192
TEST_0430,7.300261148822805e-06
TEST_0431,0.0009162143759844824
TEST_0432,9.564610139546855e-07
TEST_0433,0.0003669944222085865
TEST_0434,0.0007680932632258474
TEST_0435,0.9975338257316156
TEST_0436,0.004554208795453108
TEST_0437,0.018839777343176507
TEST_0438,4.2108063903940964e-07
TEST_0439,0.003919374408538054
TEST_0440,1.1520264440912769e-05
TEST_0441,0.010712143744980048
TEST_0442,1.9068990564265678e-07
TEST_0443,4.613128126244336e-06
TEST_0444,0.006898375561872212
TEST_0445,9.684578324395426e-05
TEST_0446,0.0015874955093302967
TEST_0447,0.0002758140669363776
TEST_0448,0.0005541731932768834
TEST_0449,1.1059446872077043e-08
TEST_0450,7.575098389280196e-09
TEST_0451,0.00114031149689138
TEST_0452,0.17806551544791627
TEST_0453,3.596804498775539e-06
TEST_0454,0.00016072684805342987
TEST_0455,1.8379648046214126e-07
TEST_0456,4.03753940038937e-05
TEST_0457,0.005705050096208089
TEST_0458,0.0002331096826475501
TEST_0459,0.028769766280800364
TEST_0460,1.7737270881766063e-07
TEST_0461,2.910401277987879e-06
TEST_0462,2.1988343694184868e-05
TEST_0463,0.035303686988034676
TEST_0464,0.00043418256602984834
TEST_0465,0.031335900485440736
TEST_0466,7.537733872658317e-07
TEST_0467,5.6597363155883736e-06
TEST_0468,0.006481912187016771
TEST_0469,5.7609044297140836e-06
TEST_0470,0.07971341792959465
TEST_0471,0.03680751973158932
TEST_0472,0.00014377247959372735
TEST_0473,5.140809221577659e-08
TEST_0474,4.493286718356258e-07
TEST_0475,0.0006165257400599026
TEST_0476,0.07953158494034514
TEST_0477,0.2134182105443228
TEST_0478,0.026092498585688927
TEST_0479,0.9997912765346019
TEST_0480,0.0355795114630252
TEST_0481,0.00015958064787537616
TEST_0482,0.0001569585566618573
TEST_0483,1.031590698111967e-05
TEST_0484,1.7975573245186727e-07
TEST_0485,0.0036703495305542753
TEST_0486,2.3835044182673434e-06
TEST_0487,3.240324142920628e-05
TEST_0488,0.13851007496564008
TEST_0489,0.00022324326837842038
TEST_0490,4.9805768256596444e-08
TEST_0491,7.135308526979e-08
TEST_0492,2.6775951620457338e-05
TEST_0493,0.08712696796501161
TEST_0494,0.029328431551507838
TEST_0495,0.8925748508986279
TEST_0496,0.018269189092374467
TEST_0497,0.9979662791780959
TEST_0498,0.002699902633884374
TEST_0499,0.032415917501039816
TEST_0500,7.905787228555101e-06
TEST_0501,1.4393122101100577e-06
TEST_0502,0.9399665942387045
TEST_0503,0.0010235595962363308
TEST_0504,2.821845632862806e-07
TEST_0505,2.9295256660612028e-08
TEST_0506,9.622254079744028e-07
TEST_0507,0.0008559132915869524
TEST_0508,8.371975087618702e-05
TEST_0509,0.008824334102520415
TEST_0510,3.262843096332952e-05
TEST_0511,0.4906707008288739
TEST_0512,0.7635574067108397
TEST_0513,7.14116079653321e-06
TEST_0514,0.00023554657431248656
TEST_0515,0.9828601387640519
TEST_0516,0.00022422273472074949
TEST_0517,0.5484366300301423
TEST_0518,0.9943524609188579
TEST_0519,0.00011232524585286154
TEST_0520,0.04709354153886739
TEST_0521,0.00010466955211625266
TEST_0522,0.0005043829874101098
TEST_0523,0.005648349960588287
TEST_0524,0.00016274733965877618
TEST_0525,3.712183004819557e-05
TEST_0526,0.14953391192947932
TEST_0527,3.170108861350351e-07
TEST_0528,0.22253002935652802
TEST_0529,0.09252106898346919
TEST_0530,1.3381826255932281e-05
TEST_0531,0.020351060216286177
TEST_0532,0.5977612502268306
TEST_0533,0.00046271907249362064
TEST_0534,0.0009625391579455189
TEST_0535,0.000302120217403419
TEST_0536,9.811252041071822e-07
TEST_0537,2.057409678454946e-05
TEST_0538,0.004366263508342444
TEST_0539,0.5519296207363381
TEST_0540,7.864662968687845e-06
TEST_0541,1.4930534109661895e-05
TEST_0542,0.0025900538176003404
TEST_0543,0.005359901170536685
TEST_0544,0.006460141224923631
TEST_0545,1.907381122701512e-06
TEST_0546,1.0637788443167482e-06
TEST_0547,0.9998071693943262
TEST_0548,0.00042515994789070195
TEST_0549,0.43394572431736433
TEST_0550,0.0006918384101498289
TEST_0551,0.00046921689238508353
TEST_0552,0.005247386920063768
TEST_0553,0.005989573700320846
TEST_0554,0.013196560947507797
TEST_0555,0.014140805754964155
TEST_0556,0.2386500783324015
TEST_0557,7.096065613448562e-05
TEST_0558,2.6983791912127676e-05
TEST_0559,0.8101071348843302
TEST_0560,4.63584158133428e-05
TEST_0561,3.5708152302955056e-05
TEST_0562,8.485659518251165e-05
TEST_0563,0.9988069863847505
TEST_0564,0.029114900344164963
TEST_0565,1.9536750051417636e-05
TEST_0566,9.717421016590894e-05
TEST_0567,0.14748401063395533
TEST_0568,3.328961950346471e-07
TEST_0569,7.495613940813188e-05
TEST_0570,0.000697211718192693
TEST_0571,0.0002088018419821049
TEST_0572,3.6750073033441197e-06
TEST_0573,5.5776789218814415e-05
TEST_0574,2.4198851435734408e-05
TEST_0575,2.0631751441289486e-07
TEST_0576,0.00047722560231571045
TEST_0577,7.683149153019758e-07
TEST_0578,0.0005987179326430058
TEST_0579,0.006317424483358945
TEST_0580,0.000620930571477821
TEST_0581,9.188708470849079e-06
TEST_0582,0.00783699916537528
TEST_0583,3.2713155300564612e-06
TEST_0584,0.99995313314421
TEST_0585,4.630553829990368e-06
TEST_0586,1.3599534289931897e-06
TEST_0587,1.070577761878698e-05
TEST_0588,0.6226994300124677
TEST_0589,0.8315583795390755
TEST_0590,0.537135612281672
TEST_0591,1.7818649207845478e-06
TEST_0592,7.602635891452364e-07
TEST_0593,0.514927391832698
TEST_0594,0.7136148941502658
TEST_0595,0.36934638330980835
TEST_0596,0.0016085503212590507
TEST_0597,2.4757565211567012e-08
TEST_0598,0.09552653180976005
TEST_0599,0.14166884451928996
TEST_0600,6.042082808357541e-06
TEST_0601,0.8849369449212905
TEST_0602,0.0026447649324505555
TEST_0603,0.0016535096281946066
TEST_0604,0.06302558934271256
TEST_0605,0.00024090343195818934
TEST_0606,0.00692224096994116
TEST_0607,7.380124033687938e-05
TEST_0608,0.00033945946850509395
TEST_0609,2.1442465119417762e-05
TEST_0610,0.00024052987599381718
TEST_0611,0.04378577652086839
TEST_0612,7.830196511960332e-05
TEST_0613,1.5616451705589305e-05
TEST_0614,0.00012927322792266455
TEST_0615,0.00033010833898291646
TEST_0616,0.09475882292457884
TEST_0617,0.00016763947492007354
TEST_0618,2.6540340897095597e-06
TEST_0619,0.12106860467638295
TEST_0620,0.0007083551761566363
TEST_0621,1.043620058261253e-05
TEST_0622,0.00032305326254325397
TEST_0623,0.37649471662902195
TEST_0624,0.6997739406298764
TEST_0625,8.595624400624014e-08
TEST_0626,0.28062147239704477
TEST_0627,3.6020795602953597e-06
TEST_0628,0.3002292018502921
TEST_0629,0.009642422152939966
TEST_0630,0.6629766441456273
TEST_0631,1.5129322466755874e-05
TEST_0632,0.0010760525635859794
TEST_0633,0.35173063425201234
TEST_0634,0.004580622506613127
TEST_0635,0.00012730429770773386
TEST_0636,0.5227268822341111
TEST_0637,0.14948759477239362
TEST_0638,0.012011575889708324
TEST_0639,0.9994504374088599
TEST_0640,2.2558187322094393e-05
TEST_0641,0.042396095868051036
TEST_0642,0.001988500291763813
TEST_0643,3.39782160594341e-05
TEST_0644,3.3268594345177905e-05
TEST_0645,0.00025049130456222964
TEST_0646,0.05654848241094584
TEST_0647,1.1933084935829345e-05
TEST_0648,0.1336505860883686
TEST_0649,0.0002223352601624406
TEST_0650,0.02800969139696496
TEST_0651,2.532148535260806e-05
TEST_0652,4.46760169338841e-07
TEST_0653,0.02717337818223446
TEST_0654,0.020356190535245403
TEST_0655,4.3015852463904066e-05
TEST_0656,4.479496898901072e-06
TEST_0657,0.015271364903799538
TEST_0658,0.0001655905622682121
TEST_0659,0.004443822739901843
TEST_0660,0.0006624246704541012
TEST_0661,0.003035490114562201
TEST_0662,6.649757367537189e-05
TEST_0663,0.0009044788869731351
TEST_0664,0.00035848745157249397
TEST_0665,5.661434792096973e-05
TEST_0666,0.9628905012120319
TEST_0667,7.006337118238636e-05
TEST_0668,0.014022972374864842
TEST_0669,0.032772362908534546
TEST_0670,0.0009708048803457385
TEST_0671,9.038244722223237e-07
TEST_0672,1.0819062858982851e-05
TEST_0673,1.434346859852352e-05
TEST_0674,1.5101670866969766e-08
TEST_0675,7.395100344499185e-07
TEST_0676,4.55791203852894e-09
TEST_0677,0.6149296481876122
TEST_0678,0.48086800972257066
TEST_0679,0.005185620381165791
TEST_0680,0.0006274542007482134
TEST_0681,0.005397927045372557
TEST_0682,3.14518831737645e-05
TEST_0683,0.9960399265130766
TEST_0684,0.008910458627592703
TEST_0685,0.00010525705366903766
TEST_0686,0.0001939385583695381
TEST_0687,0.00034409124985532646
TEST_0688,0.411627067594582
TEST_0689,5.120268813974698e-07
TEST_0690,0.9346923722199068
TEST_0691,9.28408493397518e-06
TEST_0692,0.17414616174362457
TEST_0693,1.956755597682567e-06
TEST_0694,0.0015210813293384346
TEST_0695,0.0171009162158811
TEST_0696,5.28395703188648e-08
TEST_0697,0.006203703196128511
TEST_0698,0.0051383475342216935
TEST_0699,0.00019062681389542678
TEST_0700,3.3937172242511715e-07
TEST_0701,0.9800424709113211
TEST_0702,0.0016607221749668291
TEST_0703,0.0019231789517039281
TEST_0704,7.757727516053012e-05
TEST_0705,1.4900389994348145e-06
TEST_0706,3.2590406349847625e-06
TEST_0707,0.0021981082943853766
TEST_0708,0.49621321267872137
TEST_0709,0.1811391128046466
TEST_0710,0.0008158054438425678
TEST_0711,0.0004085535953961568
TEST_0712,0.024728784047836606
TEST_0713,8.900449119879826e-05
TEST_0714,0.12143034321743308
TEST_0715,0.7311585443177736
TEST_0716,0.027396617435840178
TEST_0717,0.5346505321875477
TEST_0718,9.270195020503791e-05
TEST_0719,0.015164264882180015
TEST_0720,0.08916246580263068
TEST_0721,0.007485359539467603
TEST_0722,5.5246553940342925e-06
TEST_0723,0.0007567312893303684
TEST_0724,0.0010774716959281053
TEST_0725,3.747431649187848e-06
TEST_0726,0.0006118431593501034
TEST_0727,7.484295900862369e-05
TEST_0728,0.997710800855745
TEST_0729,4.781828428514482e-07
TEST_0730,7.076063485590733e-08
TEST_0731,0.00018457225300631935
TEST_0732,0.49155761514423224
TEST_0733,0.0001401316215614482
TEST_0734,9.132216887583635e-05
TEST_0735,3.413960032606119e-05
TEST_0736,0.014406782099371825
TEST_0737,0.00027670092588613117
TEST_0738,0.003844927766110923
TEST_0739,2.4694443671189956e-06
TEST_0740,0.0001715988289764774
TEST_0741,0.0012445141266802053
TEST_0742,0.028278021329751504
TEST_0743,0.6523547266226251
TEST_0744,0.0004876529100643404
TEST_0745,0.00014523802552825473
TEST_0746,1.688773952774949e-07
TEST_0747,0.02605520029297016
TEST_0748,0.001255482874430705
TEST_0749,0.9429454786235898
TEST_0750,0.018766136018804003
TEST_0751,1.3055466008861683e-05
TEST_0752,0.996754641228991
TEST_0753,0.7721066479238657
TEST_0754,0.0013128077442042278
TEST_0755,6.345217528242263e-06
TEST_0756,0.0007199519829884439
TEST_0757,2.0479510528376457e-06
TEST_0758,6.5018908251663365e-06
TEST_0759,2.1512077604918767e-07
TEST_0760,1.4167512309627589e-05
TEST_0761,0.0012464033312569692
TEST_0762,1.2928672086915808e-05
TEST_0763,0.00010994640236365809
TEST_0764,0.00043624391192876357
TEST_0765,0.0003309470930867997
TEST_0766,0.0014092952619542244
TEST_0767,5.726155968765422e-07
TEST_0768,0.9765690866559875
TEST_0769,0.6152841499663071
TEST_0770,0.0006151363509816966
TEST_0771,7.444124281610735e-05
TEST_0772,1.7183370104953098e-05
TEST_0773,2.52986594581291e-08
TEST_0774,0.0012549555298779415
TEST_0775,8.646184048412786e-05
TEST_0776,0.1553674055519714
TEST_0777,1.4254861102715907e-05
TEST_0778,0.8346751850963597
TEST_0779,0.0014584857269676677
TEST_0780,0.8564835972911232
TEST_0781,5.560098791768672e-08
TEST_0782,0.005817830276851522
TEST_0783,3.880814936720009e-06
TEST_0784,5.72416981666327e-08
TEST_0785,0.0007007606040305031
TEST_0786,0.09872193990751418
TEST_0787,3.1529985278585664e-07
TEST_0788,0.7986791861367305
TEST_0789,0.130654303284005
TEST_0790,2.60230268207141e-06
TEST_0791,0.9996600837345474
TEST_0792,5.1648711606196194e-05
TEST_0793,1.4331387261216524e-07
TEST_0794,2.1281031088920897e-08
TEST_0795,7.682971757594185e-08
TEST_0796,1.0101752130223576e-05
TEST_0797,0.9625643051391782
TEST_0798,0.06597214368841109
TEST_0799,8.507322453648516e-06
TEST_0800,0.9573230657169315
TEST_0801,0.9575076961662371
TEST_0802,0.0045057933676734664
TEST_0803,0.010213690970460649
TEST_0804,0.00018331625463819496
TEST_0805,2.90735106921535e-06
TEST_0806,0.0006957708295021767
TEST_0807,1.6312930843605256e-08
TEST_0808,0.00018249074200168443
TEST_0809,2.972587135418832e-07
TEST_0810,0.2825963555383043
TEST_0811,2.045202343998787e-07
TEST_0812,0.009266684128853564
TEST_0813,2.1890028044905078e-05
TEST_0814,0.5154562454732112
TEST_0815,0.00013598768779520166
TEST_0816,0.7541661416552151
TEST_0817,1.9380973195258336e-05
TEST_0818,0.0006430594823826214
TEST_0819,0.08230767858117798
TEST_0820,0.0046320036605015085
TEST_0821,3.468163824531189e-05
TEST_0822,0.2514750821505596
TEST_0823,4.3936039509563943e-07
TEST_0824,0.012628247314412458
TEST_0825,0.0009963010657799106
TEST_0826,2.3715749369545528e-05
TEST_0827,2.393241437327688e-05
TEST_0828,0.0011588604048063892
TEST_0829,0.5289264703992647
TEST_0830,6.953553931262017e-05
TEST_0831,0.1585532369579557
TEST_0832,0.00026001275908503035
TEST_0833,0.93919156706711
TEST_0834,2.213190864693278e-06
TEST_0835,0.1917401824317627
TEST_0836,3.3887524838131382e-06
TEST_0837,1.606545568358185e-06
TEST_0838,0.040847364412184166
TEST_0839,1.3757954627389135e-05
TEST_0840,3.0817176788111455e-06
TEST_0841,1.890478187737306e-05
TEST_0842,0.000434356644899098
TEST_0843,7.846768015203348e-05
TEST_0844,0.5497887620586145
TEST_0845,1.478006027340601e-05
TEST_0846,0.001875789559948042
TEST_0847,0.18041755056725034
TEST_0848,0.980194454646999
TEST_0849,0.8218106050187041
TEST_0850,7.069823692902312e-05
TEST_0851,0.002471113601641677
TEST_0852,0.19525708208601053
TEST_0853,0.003024796776030857
TEST_0854,0.00452361555845187
TEST_0855,0.00014711847031846894
TEST_0856,0.3969770544339492
TEST_0857,0.041014407999203625
TEST_0858,9.180470358702326e-07
TEST_0859,0.008558261015079905
TEST_0860,0.000665579224672214
TEST_0861,6.659079225572615e-05
TEST_0862,0.017790909291999935
TEST_0863,0.50030743995119
TEST_0864,0.923344902175885
TEST_0865,0.001179920516700512
TEST_0866,0.00042100740312237407
TEST_0867,0.008670917791579883
TEST_0868,5.606031662121943e-06
TEST_0869,0.06056769176996044
TEST_0870,2.5350093214841057e-06
TEST_0871,3.535505624258438e-07
TEST_0872,2.4841262289454575e-05
TEST_0873,0.027436738750220947
TEST_0874,0.0005871794323100975
TEST_0875,0.47651381403675086
TEST_0876,0.6584012043261015
TEST_0877,0.008377676542180334
TEST_0878,0.01825339385896499
TEST_0879,0.11383763549843362
TEST_0880,2.6859387174580097e-05
TEST_0881,2.763700168026483e-05
TEST_0882,0.9213718739998679
TEST_0883,0.0021157508048309523
TEST_0884,0.0015118952678260021
TEST_0885,2.485520069410494e-07
TEST_0886,0.007054262761923957
TEST_0887,0.002261887301363358
TEST_0888,0.03513693550857052
TEST_0889,2.1111229466996e-05
TEST_0890,0.0005590620135037538
TEST_0891,1.3746032542715806e-07
TEST_0892,0.9999547456218244
TEST_0893,1.5471122101614432e-06
TEST_0894,0.16749046607410215
TEST_0895,0.9929567826374699
TEST_0896,0.0037244341573346175
TEST_0897,0.03722107044333143
TEST_0898,0.007626311420957253
TEST_0899,0.0070131138448970304
TEST_0900,8.081230159247475e-05
TEST_0901,0.0001826863033255379
TEST_0902,0.010007054790002514
TEST_0903,5.45356344144432e-08
TEST_0904,0.019219639120332185
TEST_0905,2.3677640858079022e-07
TEST_0906,0.09260460715896526
TEST_0907,9.296089366658694e-07
TEST_0908,2.508476078889305e-06
TEST_0909,1.4157329572396502e-05
TEST_0910,6.5784345179838204e-06
TEST_0911,0.005103893634507265
TEST_0912,0.6347298575423951
TEST_0913,0.00475973285109082
TEST_0914,1.4002737070929311e-05
TEST_0915,0.014200045972840044
TEST_0916,4.4987603412895745e-07
TEST_0917,0.0002332062615918891
TEST_0918,0.09198392663634435
TEST_0919,2.4634033321940593e-06
TEST_0920,2.5021230608098552e-05
TEST_0921,0.0354120938393642
TEST_0922,0.0649943645882892
TEST_0923,0.6138524865384576
TEST_0924,0.0020032861639819287
TEST_0925,6.666032842923102e-05
TEST_0926,2.295859089206539e-05
TEST_0927,7.842498436688784e-05
TEST_0928,1.0344512285594594e-06
TEST_0929,1.2235227613891128e-05
TEST_0930,4.831388520466062e-06
TEST_0931,5.301429225246974e-05
TEST_0932,0.00011096416811015316
TEST_0933,1.3907099902359567e-05
TEST_0934,0.4603912828354896
TEST_0935,0.8943477071365118
TEST_0936,0.0008356057805037708
TEST_0937,3.0693102963013566e-06
TEST_0938,2.5805055722331965e-08
TEST_0939,9.299086776674241e-07
TEST_0940,0.001284372841447247
TEST_0941,0.0002443489094636118
TEST_0942,0.08560132398131944
TEST_0943,3.847936567016859e-06
TEST_0944,0.00010916686914995487
TEST_0945,0.023961199915534293
TEST_0946,1.4063310719559759e-08
TEST_0947,0.0008148747742151208
TEST_0948,1.844890315640603e-06
TEST_0949,1.430439313106428e-07
TEST_0950,4.561212083422816e-06
TEST_0951,0.9658137829157472
TEST_0952,1.05157548949826e-05
TEST_0953,0.00014583643301410379
TEST_0954,1.638331482203906e-07
TEST_0955,0.0014779574840383086
TEST_0956,0.005984431817462952
TEST_0957,0.002068802083840531
TEST_0958,0.3068221892080205
TEST_0959,0.7191513646936538
TEST_0960,1.262333466311407e-07
TEST_0961,0.6351031692276078
TEST_0962,1.4724028765985875e-05
TEST_0963,7.306450399000117e-05
TEST_0964,0.0021627115291912896
TEST_0965,0.0004667590382183713
TEST_0966,0.9478756539625528
TEST_0967,0.0010153168663585537
TEST_0968,2.452239357393732e-05
TEST_0969,1.2106842842978651e-06
TEST_0970,1.4595027437249855e-05
TEST_0971,4.193214163794231e-05
TEST_0972,3.3928002063700344e-05
TEST_0973,3.803886869232323e-06
TEST_0974,1.441557891994743e-06
TEST_0975,0.31041842343930764
TEST_0976,0.0019155482144605415
TEST_0977,5.35240721399907e-06
TEST_0978,7.015892326981049e-05
TEST_0979,0.0034867900992899188
TEST_0980,0.04371895077156089
TEST_0981,0.036268544056857296
TEST_0982,0.00011360502681867927
TEST_0983,0.00017291046651225826
TEST_0984,2.4927834413921083e-05
TEST_0985,0.8317742103869854
TEST_0986,8.508793461043349e-07
TEST_0987,0.6971940412145362
TEST_0988,0.00020603938196269114
TEST_0989,5.628721684515636e-05
TEST_0990,1.3766574862235471e-05
TEST_0991,1.608482365900789e-07
TEST_0992,0.22805022398065986
TEST_0993,0.0021365787815459903
TEST_0994,1.8684885523246476e-07
TEST_0995,1.9331246779474783e-07
TEST_0996,9.845931123559377e-07
TEST_0997,1.830064298481024e-06
TEST_0998,0.024023373943393992
TEST_0999,0.10840674066148173
TEST_1000,0.011882103474923454
TEST_1001,7.79548411423269e-05
TEST_1002,0.0023450811911245525
TEST_1003,8.103230981567399e-05
TEST_1004,0.006835782238843372
TEST_1005,0.08414610726781366
TEST_1006,0.0035358923975587963
TEST_1007,0.9987980818613351
TEST_1008,0.41421803975190474
TEST_1009,9.376049787573635e-05
TEST_1010,0.0001400851965760985
TEST_1011,1.6470193699319384e-06
TEST_1012,3.031599658207902e-07
TEST_1013,0.000106327883871521
TEST_1014,0.1842668982860851
TEST_1015,5.330220137061113e-07
TEST_1016,2.1484036133395404e-08
TEST_1017,8.92691407234027e-06
TEST_1018,2.666764523609354e-06
TEST_1019,0.004272028797118226
TEST_1020,0.0001974224326781505
TEST_1021,0.0014517724000851244
TEST_1022,0.00047976553130026203
TEST_1023,0.6712143625070924
TEST_1024,4.772266739345959e-07
TEST_1025,1.7387666591757533e-07
TEST_1026,0.9999482672260717
TEST_1027,1.7822252725754088e-05
TEST_1028,0.00010978612523516184
TEST_1029,0.9982615397703172
TEST_1030,1.686381845453156e-05
TEST_1031,0.00033882699867740463
TEST_1032,0.025804945091604813
TEST_1033,0.0032278321238254633
TEST_1034,0.016184536766426984
TEST_1035,1.0057084022991041e-05
TEST_1036,0.0005956687325391142
TEST_1037,7.548177343318412e-05
TEST_1038,0.00018871566799708394
TEST_1039,0.001138994153023391
TEST_1040,8.814771577368859e-07
TEST_1041,0.01683685404812384
TEST_1042,1.3988412294288586e-05
TEST_1043,7.153937357795115e-05
TEST_1044,1.2467547917806932e-05
TEST_1045,0.011612183643318922
TEST_1046,0.6270084650881794
TEST_1047,0.00467664397587665
TEST_1048,0.0002878455725382492
TEST_1049,0.018163035150102258
TEST_1050,2.774674487973277e-07
TEST_1051,7.152942687322185e-06
TEST_1052,0.002533949891749604
TEST_1053,0.003999913737365829
TEST_1054,0.16177864778508308
TEST_1055,0.018015011480193275
TEST_1056,0.9999367467396743
TEST_1057,0.007138488894524002
TEST_1058,4.801289890658122e-07
TEST_1059,1.6960425502653779e-06
TEST_1060,0.0008422609792778192
TEST_1061,4.39546687988243e-05
TEST_1062,0.9999571422609063
TEST_1063,0.24693165722064458
TEST_1064,9.31030248860319e-07
TEST_1065,7.020420686491957e-06
TEST_1066,0.013369552977542318
TEST_1067,0.0652872961255072
TEST_1068,1.198214820228626e-05
TEST_1069,0.00011061082560010977
TEST_1070,0.00199555556569066
TEST_1071,0.00015281374971170457
TEST_1072,3.0909597082790703e-06
TEST_1073,2.3683218964405228e-07
TEST_1074,1.0303824331292136e-05
TEST_1075,0.06371473760763247
TEST_1076,0.0001047212196668874
TEST_1077,1.3984344381775254e-06
TEST_1078,0.000718887295326137
TEST_1079,2.750800278591102e-07
TEST_1080,0.007123441712317888
TEST_1081,6.259801137071166e-08
TEST_1082,2.46415095804035e-06
TEST_1083,0.00823652083085291
TEST_1084,0.003377480996893641
TEST_1085,6.45757089268976e-08
TEST_1086,0.9953416920500581
TEST_1087,0.0009393914542895943
TEST_1088,0.00011746038410889481
TEST_1089,0.0007377313365928304
TEST_1090,0.9901693434315132
TEST_1091,3.465057325086291e-05
TEST_1092,3.0140501947172364e-07
TEST_1093,0.0011697230577265374
TEST_1094,0.2931727267588807
TEST_1095,0.006535685199154826
TEST_1096,0.01889396191926779
TEST_1097,9.448859943216765e-06
TEST_1098,0.05409359651766968
TEST_1099,0.31305214854488644
TEST_1100,0.024095067396846716
TEST_1101,0.21523157454752762
TEST_1102,0.028374526418984917
TEST_1103,0.001825894382074134
TEST_1104,5.0209567792060085e-06
TEST_1105,0.007317421296784087
TEST_1106,4.106841389807453e-07
TEST_1107,1.2250222793244685e-05
TEST_1108,9.040311947522345e-05
TEST_1109,0.027599958603606367
TEST_1110,0.0003415234822753602
TEST_1111,0.04401719609295844
TEST_1112,1.0806977733609054e-05
TEST_1113,5.1130182041487165e-06
TEST_1114,0.29345916450368253
TEST_1115,8.122057683821177e-07
TEST_1116,0.006153937645972376
TEST_1117,0.3734105331935786
TEST_1118,1.3936129815763317e-06
TEST_1119,0.16674826153073455
TEST_1120,0.004439900175372611
TEST_1121,1.9197863411515095e-07
TEST_1122,2.2139579584838422e-06
TEST_1123,0.002087465346302588
TEST_1124,0.007933149899520481
TEST_1125,0.07897674592955213
TEST_1126,1.4403297372151787e-07
TEST_1127,6.465654956515703e-06
TEST_1128,0.00012049044257632305
TEST_1129,0.03600897601136392
TEST_1130,0.11146093986779795
TEST_1131,0.0004169275202380962
TEST_1132,0.00012119912419519333
TEST_1133,6.1694809530989595e-06
TEST_1134,0.8917232825460857
TEST_1135,0.2891255535987078
TEST_1136,0.04690264401484859
TEST_1137,1.98186571514738e-07
TEST_1138,0.6253085751237042
TEST_1139,1.9088322780403715e-06
TEST_1140,0.00022660539898742408
TEST_1141,0.0001085640676965756
TEST_1142,6.50183653672961e-08
TEST_1143,1.0391496756400304e-05
TEST_1144,0.020484409990850706
TEST_1145,0.00028148278482895833
TEST_1146,0.8168540581489193
TEST_1147,0.9999847645569829
TEST_1148,5.8399113863859e-05
TEST_1149,0.0013903654506698705
TEST_1150,0.15750540626257256
TEST_1151,0.0012684314702969563
TEST_1152,0.00054736914892422
TEST_1153,8.76510394139698e-05
TEST_1154,1.2637675932300452e-06
TEST_1155,0.0774276635932856
TEST_1156,0.009685839676309451
TEST_1157,4.392857059267814e-05
TEST_1158,0.0011619910864249918
TEST_1159,1.8190589173265943e-06
TEST_1160,0.32788231889076674
TEST_1161,0.016507632021970475
TEST_1162,9.412575152301833e-06
TEST_1163,5.753732136163025e-07
TEST_1164,0.0005952899357212498
TEST_1165,0.365501293164586
TEST_1166,0.0012082032164202746
TEST_1167,0.6462610679060565
TEST_1168,0.26670672803663026
TEST_1169,0.020427094456965337
TEST_1170,0.0010093048680873003
TEST_1171,9.488175800850342e-05
TEST_1172,4.039161523616268e-05
TEST_1173,5.415982337140197e-06
TEST_1174,2.2616328445108873e-08
TEST_1175,0.01391955898403198
TEST_1176,1.0584571592217776e-06
TEST_1177,0.004232621699731127
TEST_1178,0.00029241006681284416
TEST_1179,9.264000251917439e-06
TEST_1180,0.20318489586586796
TEST_1181,3.2703893273416196e-05
TEST_1182,6.52140250128174e-07
TEST_1183,0.9999728063195145
TEST_1184,3.1043584894546235e-05
TEST_1185,0.86706234942157
TEST_1186,2.8161447894676073e-05
TEST_1187,0.15435743398448798
TEST_1188,7.808639711438666e-06
TEST_1189,0.010256568693851434
TEST_1190,0.9200931746287009
TEST_1191,0.0005851374710179817
TEST_1192,0.05299204524344394
TEST_1193,0.009302919637813805
TEST_1194,0.0001461123091106349
TEST_1195,0.9999997151337946
TEST_1196,0.04349043387695338
TEST_1197,0.015522723398933201
TEST_1198,0.02206776339212157
TEST_1199,0.9952661723893371
TEST_1200,0.006056239232490252
TEST_1201,0.04381025810005222
TEST_1202,7.863911995475356e-06
TEST_1203,0.045316118800060805
TEST_1204,0.0006505177760726446
TEST_1205,2.0384938785927475e-05
TEST_1206,2.026811795580961e-06
TEST_1207,9.760024245502715e-05
TEST_1208,0.08355772475510366
TEST_1209,0.00549237497406961
TEST_1210,0.0005713519832463252
TEST_1211,0.006310058370065645
TEST_1212,2.6666544701218668e-05
TEST_1213,0.001468884652937098
TEST_1214,6.417271204046681e-05
TEST_1215,0.9934015368313773
TEST_1216,0.9907852907656366
TEST_1217,3.7549858377007184e-07
TEST_1218,0.02224763914567962
TEST_1219,6.833433839352261e-07
TEST_1220,2.034147844916022e-07
TEST_1221,0.0015713520738475676
TEST_1222,9.709589527919436e-05
TEST_1223,2.193577952515534e-06
TEST_1224,0.00923589176689641
TEST_1225,0.0730893546174513
TEST_1226,0.0015418385429183828
TEST_1227,0.0010673904354588676
TEST_1228,7.94361972900989e-07
TEST_1229,0.0023281060632401895
TEST_1230,4.774582150470118e-07
TEST_1231,5.8349445003863545e-06
TEST_1232,0.0012595725535520126
TEST_1233,1.2915963050631732e-05
TEST_1234,9.445709993254246e-06
TEST_1235,0.9385079200377189
TEST_1236,0.9998003035818113
TEST_1237,0.0008044077036752836
TEST_1238,0.9265560492584966
TEST_1239,0.00490469829960967
TEST_1240,0.001053613823491977
TEST_1241,0.00025558357249811996
TEST_1242,2.24652543937017e-06
TEST_1243,4.6360074673181656e-07
TEST_1244,0.6222451951997463
TEST_1245,0.0019258440972473054
TEST_1246,0.30180590781010586
TEST_1247,1.889680929857753e-06
TEST_1248,0.05050814372950493
TEST_1249,4.3645075042533676e-05
TEST_1250,2.7475570412753074e-06
TEST_1251,4.7209975868517344e-05
TEST_1252,0.00426917346870887
TEST_1253,2.2942939344741115e-07
TEST_1254,0.0184978156101303
TEST_1255,0.0007877037606105096
TEST_1256,0.0009903770802410072
TEST_1257,0.000827386503406384
TEST_1258,0.004110286632565691
TEST_1259,0.5012539270629328
TEST_1260,0.9978867492698734
TEST_1261,0.000255591314828318
TEST_1262,0.0009013248419598894
TEST_1263,1.2115896060941196e-05
TEST_1264,2.9833810414186866e-05
TEST_1265,0.00452392280446347
TEST_1266,0.00011361947494977262
TEST_1267,0.001500816009120684
TEST_1268,6.653228557590038e-05
TEST_1269,0.0006106170743789989
TEST_1270,0.06522566608463845
TEST_1271,0.003608564951521148
TEST_1272,0.0005814584098750872
TEST_1273,4.677653207785847e-05
TEST_1274,1.981988275996913e-07
TEST_1275,0.0009482366406848362
TEST_1276,0.0010166912339642973
TEST_1277,8.995637902864481e-08
TEST_1278,0.9995264960812281
TEST_1279,0.0006728459547983704
TEST_1280,0.48625977004934706
TEST_1281,0.00048636664252026346
TEST_1282,5.38332333609415e-06
TEST_1283,3.509458364331321e-07
TEST_1284,0.00023774396163633147
TEST_1285,7.471220315787494e-06
TEST_1286,4.01760309436459e-06
TEST_1287,0.001463762001227378
TEST_1288,0.003112649594899446
TEST_1289,4.6692690820010076e-05
TEST_1290,0.985201414254923
TEST_1291,3.255928341481965e-05
TEST_1292,1.8106905918180538e-06
TEST_1293,0.0011791559403715808
TEST_1294,1.197665706778657e-05
TEST_1295,3.218738479954724e-05
TEST_1296,8.874789511658897e-06
TEST_1297,0.005228322184383913
TEST_1298,0.10936366768481516
TEST_1299,2.4367062527631638e-05
TEST_1300,0.00012325248214494763
TEST_1301,0.15658113547559158
TEST_1302,3.296913484424653e-05
TEST_1303,0.0050879122111125285
TEST_1304,0.00013628600975271632
TEST_1305,0.046366007262377086
TEST_1306,0.0016589510635871812
TEST_1307,1.4340259516134105e-05
TEST_1308,8.72833768685362e-08
TEST_1309,3.256774979168246e-06
TEST_1310,0.6721872961863042
TEST_1311,7.593007970316983e-05
TEST_1312,0.0004949405226830062
TEST_1313,0.4272407206043813
TEST_1314,0.0002387358196981577
TEST_1315,9.222409131443098e-06
TEST_1316,0.2337477854483047
TEST_1317,2.359784022181117e-05
TEST_1318,0.13711395269856816
TEST_1319,0.9955427436357017
TEST_1320,0.0002060354298502262
TEST_1321,0.0012094682675967414
TEST_1322,0.36498006781150416
TEST_1323,0.001729801532193719
TEST_1324,0.00010567739705415319
TEST_1325,0.00021979539991847047
TEST_1326,0.0012055081521950923
TEST_1327,0.009679547319231091
TEST_1328,1.3775175185079186e-06
TEST_1329,0.002328534024483158
TEST_1330,0.0027751225805005097
TEST_1331,0.08045178584776319
TEST_1332,0.0005661801437577865
TEST_1333,3.423914091636308e-07
TEST_1334,0.006082837980111561
TEST_1335,0.003149976638048974
TEST_1336,4.2354679556819396e-07
TEST_1337,0.06467040532856169
TEST_1338,0.01603631132915151
TEST_1339,0.026634770652178102
TEST_1340,0.9982598526679449
TEST_1341,0.0003380487916240087
TEST_1342,0.01393936109608996
TEST_1343,0.006881040884554366
TEST_1344,0.002024549388446396
TEST_1345,0.0035547800121034567
TEST_1346,0.9992995283231955
TEST_1347,4.2537820562439e-06
TEST_1348,0.6447457888755469
TEST_1349,4.581349521411607e-08
TEST_1350,0.0002490443797654802
TEST_1351,0.059226566924501116
TEST_1352,3.6910253353157976e-05
TEST_1353,0.00016425854021777532
TEST_1354,0.0014596557760009632
TEST_1355,3.5395712863885234e-05
TEST_1356,2.8213068157152876e-08
TEST_1357,0.0005619306263357774
TEST_1358,3.1785345307862656e-07
TEST_1359,0.0013671001594030433
TEST_1360,2.8140001845645156e-05
TEST_1361,5.841488726493844e-06
TEST_1362,7.271537863780523e-05
TEST_1363,4.675568820264154e-05
TEST_1364,0.32733429595843583
TEST_1365,0.21162310863833084
TEST_1366,0.1183232316099673
TEST_1367,0.0008520417017062597
TEST_1368,0.8820315428794512
TEST_1369,0.9956084770614431
TEST_1370,1.8602853697622462e-07
TEST_1371,0.9114360604439025
TEST_1372,0.9991617583396919
TEST_1373,0.0006317556603643313
TEST_1374,3.373596031747353e-06
TEST_1375,0.09451611209638855
TEST_1376,0.0001382066863272703
TEST_1377,0.004768563540121468
TEST_1378,0.9116667095903932
TEST_1379,0.9841722317176381
TEST_1380,4.371118931657714e-07
TEST_1381,0.0006921574354763945
TEST_1382,0.011389225389752474
TEST_1383,2.0534902780469544e-06
TEST_1384,1.4244259442747426e-05
TEST_1385,0.18639419134245871
TEST_1386,0.013621142131592715
TEST_1387,0.009609824750820964
TEST_1388,0.7197485986965777
TEST_1389,1.320613189239045e-05
TEST_1390,6.19265435295998e-05
TEST_1391,9.876489636275151e-05
TEST_1392,0.0008286869678105445
TEST_1393,4.9724778436234196e-08
TEST_1394,0.09509004065207312
TEST_1395,0.10000218230772082
TEST_1396,0.09455659414926622
TEST_1397,2.432433451324004e-06
TEST_1398,0.6868256380959888
TEST_1399,0.2822274381945041
TEST_1400,0.000605641504330544
TEST_1401,7.800795193139435e-07
TEST_1402,8.045762587776681e-07
TEST_1403,1.4089261039709747e-05
TEST_1404,1.9796785813013487e-05
TEST_1405,0.00018985222333199145
TEST_1406,0.0046068844469780885
TEST_1407,0.0039411277676137555
TEST_1408,0.0009601975938790576
TEST_1409,0.2836519679056816
TEST_1410,6.580878297365702e-05
TEST_1411,9.235283571616514e-08
TEST_1412,4.778509112979501e-05
TEST_1413,2.016660134371032e-07
TEST_1414,3.52275222346918e-07
TEST_1415,0.11989825538312256
TEST_1416,0.14572900059020474
TEST_1417,0.0007730647053914787
TEST_1418,0.0049528006768029915
TEST_1419,0.006257111388491953
TEST_1420,0.00014322349468339022
TEST_1421,4.933496256815677e-06
TEST_1422,0.07171415048222646
TEST_1423,0.003217923500383698
TEST_1424,0.05261079227071781
TEST_1425,1.1542196629276103e-05
TEST_1426,5.956075484455578e-06
TEST_1427,0.006849796649496879
TEST_1428,0.00031623978496964317
TEST_1429,0.0248205643085455
TEST_1430,0.4814825597889336
TEST_1431,0.0005788834381237303
TEST_1432,5.712048339375154e-06
TEST_1433,0.11919143006905865
TEST_1434,0.22810956165621085
TEST_1435,0.11320556346789636
TEST_1436,8.81219605954656e-07
TEST_1437,0.001987259600814181
TEST_1438,7.532525216088251e-05
TEST_1439,2.9888232674106916e-05
TEST_1440,0.8354698400235049
TEST_1441,7.078557895783292e-07
TEST_1442,3.5316816984841394e-07
TEST_1443,0.00020438223852066152
TEST_1444,0.07404881438485768
TEST_1445,1.3786279474044714e-06
TEST_1446,0.999949500330276
TEST_1447,0.0021869510417124667
TEST_1448,1.0821916987515485e-07
TEST_1449,8.166795350270567e-06
TEST_1450,6.774077663211363e-07
TEST_1451,0.4361622317254223
TEST_1452,0.22730691406432502
TEST_1453,1.3391885084529065e-06
TEST_1454,0.006109448054311205
TEST_1455,1.160558847231655e-06
TEST_1456,0.6516493635853543
TEST_1457,4.7865151199933626e-05
TEST_1458,0.9488295143270277
TEST_1459,0.00010851223334136242
TEST_1460,1.338908805096976e-07
TEST_1461,1.0440817605673471e-06
TEST_1462,3.2526444062354725e-09
TEST_1463,0.024867447210201246
TEST_1464,0.0008156638190695363
TEST_1465,0.0005334167278981792
TEST_1466,9.385424072256025e-09
TEST_1467,0.0003402143726230759
TEST_1468,0.9994541543297512
TEST_1469,9.219005342110331e-05
TEST_1470,0.9118097676381605
TEST_1471,0.6409499612152659
TEST_1472,1.1273295158499624e-06
TEST_1473,1.7987063585771945e-06
TEST_1474,5.5254428638900215e-05
TEST_1475,1.0433420735012327e-06
TEST_1476,1.2639052256888182e-05
TEST_1477,0.00034659404450807776
TEST_1478,0.8710614295161065
TEST_1479,1.425913305227894e-05
TEST_1480,5.489327171795702e-06
TEST_1481,0.0035749854799434324
TEST_1482,0.0016739938811305098
TEST_1483,7.647131605026298e-05
TEST_1484,0.05861465648093995
TEST_1485,0.02386748519314312
TEST_1486,0.015228285774667623
TEST_1487,1.0720095427950697e-05
TEST_1488,0.9998844948199004
TEST_1489,0.02772509576883962
TEST_1490,4.04071254972435e-05
TEST_1491,6.860029914995775e-06
TEST_1492,2.1318579385833698e-05
TEST_1493,0.0014636340350928597
TEST_1494,5.230509463093239e-07
TEST_1495,0.0001221139466976811
TEST_1496,0.016204599213176487
TEST_1497,0.00456178661225838
TEST_1498,0.6396172231141043
TEST_1499,0.0015295562951921375
TEST_1500,3.5817504419138226e-05
TEST_1501,2.2685692519866414e-05
TEST_1502,0.003717798126835733
TEST_1503,2.6044388164354022e-05
TEST_1504,0.9999989528272887
TEST_1505,0.8754055673242968
TEST_1506,1.1816404019488517e-05
TEST_1507,0.11325597597788571
TEST_1508,0.9998996206831476
TEST_1509,0.08298340550157636
TEST_1510,2.9143183806831306e-05
TEST_1511,0.6339187657431624
TEST_1512,0.09789755278728507
TEST_1513,0.00014469976700971145
TEST_1514,1.197139307924897e-06
TEST_1515,0.0014923871323146494
TEST_1516,3.1949170351971226e-05
TEST_1517,0.008388772227575433
TEST_1518,0.00012451905672843387
TEST_1519,0.0012769650309620354
TEST_1520,3.1745852793391437e-06
TEST_1521,2.870867092939888e-06
TEST_1522,0.029714854683665484
TEST_1523,0.9799558434365777
TEST_1524,0.006709489015677691
TEST_1525,0.13122146960339903
TEST_1526,0.6710015465863753
TEST_1527,0.05643645074685286
TEST_1528,9.564718625899044e-06
TEST_1529,5.059076205840438e-05
TEST_1530,0.004022022843525913
TEST_1531,5.8436393939751684e-05
TEST_1532,8.256519349749905e-05
TEST_1533,9.368698305631448e-05
TEST_1534,4.880678223269504e-05
TEST_1535,0.006055917927908058
TEST_1536,7.896234695436151e-06
TEST_1537,0.07324100199417134
TEST_1538,6.426164591815445e-05
TEST_1539,0.00011153163394228997
TEST_1540,1.3576310101947256e-05
TEST_1541,1.297708710911784e-06
TEST_1542,0.9953181879291179
TEST_1543,0.02519733116107975
TEST_1544,7.040499884468041e-05
TEST_1545,0.0010370299252110585
TEST_1546,0.012367221105533734
TEST_1547,3.553587071355421e-05
TEST_1548,9.0935645696688e-06
TEST_1549,8.740148111209886e-05
TEST_1550,0.8700762885464978
TEST_1551,0.0022904851984419717
TEST_1552,0.00015552451779726593
TEST_1553,0.00014047216461182598
TEST_1554,2.3631708782349764e-06
TEST_1555,4.144431531087691e-05
TEST_1556,0.0004679290981479875
TEST_1557,0.22751830375418658
TEST_1558,0.9943823982816719
TEST_1559,8.472496901641611e-05
TEST_1560,0.00022046309507982518
TEST_1561,0.001691645248410539
TEST_1562,0.12512400560889309
TEST_1563,0.025087691420773186
TEST_1564,1.1188770907770637e-06
TEST_1565,0.8696541808785323
TEST_1566,0.00024753546227356156
TEST_1567,0.2382895143396981
TEST_1568,3.494961183254744e-06
TEST_1569,1.5977417385132627e-07
TEST_1570,0.00011428738265873238
TEST_1571,0.00016657561528823692
TEST_1572,0.07160234190801752
TEST_1573,9.952388970054019e-05
TEST_1574,0.5738560610031799
TEST_1575,0.013967276605384446
TEST_1576,0.5727560606642416
TEST_1577,0.0017339792335549892
TEST_1578,9.995987648408732e-05
TEST_1579,0.000582564477165176
TEST_1580,1.7556275204531654e-06
TEST_1581,2.908022660080528e-07
TEST_1582,3.89746831622706e-06
TEST_1583,2.239638476754329e-06
TEST_1584,2.335980343063485e-06
TEST_1585,0.005855832788366382
TEST_1586,3.212537687136499e-05
TEST_1587,1.6743352047601346e-05
TEST_1588,2.2471938443038128e-05
TEST_1589,0.00013713855921978406
TEST_1590,0.9664168814480169
TEST_1591,0.0012933326988855116
TEST_1592,5.9921405536861224e-05
TEST_1593,0.042496333745947974
TEST_1594,0.0019514514650117208
TEST_1595,0.029722841986761367
TEST_1596,9.606204470236769e-05
TEST_1597,0.001270626178344867
TEST_1598,0.0015014705708956363
TEST_1599,0.019351551162359877
TEST_1600,0.0033869547482397555
TEST_1601,3.3401847380347925e-05
TEST_1602,4.793815587912019e-09
TEST_1603,2.326692683920842e-07
TEST_1604,0.9999968314925511
TEST_1605,0.01095803774564878
TEST_1606,1.3586175821053265e-06
TEST_1607,1.2282882008161973e-06
TEST_1608,2.3255635602301904e-09
TEST_1609,0.006089576153767004
TEST_1610,3.724712436520917e-05
TEST_1611,0.005078101810006947
TEST_1612,0.06994147342123196
TEST_1613,1.4605761180298712e-07
TEST_1614,0.0398510616584438
TEST_1615,0.7310508426512411
TEST_1616,0.9998755783083758
TEST_1617,1.9143103451232354e-06
TEST_1618,1.2725716948107091e-06
TEST_1619,3.366968086716952e-05
TEST_1620,1.5720740119636552e-07
TEST_1621,0.7442227464623649
TEST_1622,2.846544752244795e-07
TEST_1623,0.00044484886979699324
TEST_1624,0.02849335913787218
TEST_1625,0.03632088359162584
TEST_1626,0.13460960391821958
TEST_1627,7.059111899918665e-05
TEST_1628,0.6766924132236786
TEST_1629,0.0038926033916527056
TEST_1630,0.00037934115449140074
TEST_1631,2.498980041412472e-07
TEST_1632,6.694303692139624e-05
TEST_1633,0.001656724616962655
TEST_1634,1.3742419884726702e-08
TEST_1635,1.165119705863887e-06
TEST_1636,0.19420429704283834
TEST_1637,3.475620925660955e-06
TEST_1638,0.7005049579610454
TEST_1639,0.05334927218709307
TEST_1640,0.06615496535264646
TEST_1641,0.00843173834927176
TEST_1642,1.5684958531680698e-07
TEST_1643,0.4213397189641859
TEST_1644,0.8670979469112995
TEST_1645,0.0008132079180186348
TEST_1646,3.76803966130938e-05
TEST_1647,2.288465054897886e-05
TEST_1648,0.00011198535314632014
TEST_1649,9.970197489765242e-07
TEST_1650,1.6502719039303894e-06
TEST_1651,8.98526403606175e-05
TEST_1652,8.09868696565617e-05
TEST_1653,2.4894435087318806e-07
TEST_1654,7.334371171572933e-06
TEST_1655,0.008958320502508672
TEST_1656,0.0003148836988848094
TEST_1657,0.06837831284024534
TEST_1658,6.327807647245113e-08
TEST_1659,0.9869248761408269
TEST_1660,0.23602817376905863
TEST_1661,4.208521266356628e-06
TEST_1662,3.518252208686879e-05
TEST_1663,0.06753976784989095
TEST_1664,0.19695032515730743
TEST_1665,6.579500619935301e-06
TEST_1666,0.5749978365868598
TEST_1667,0.3118224800385972
TEST_1668,4.83783276777105e-07
TEST_1669,0.004379813027978249
TEST_1670,0.0029822975637580343
TEST_1671,0.03834623016176083
TEST_1672,0.8951080459972179
TEST_1673,1.3254923915960728e-05
TEST_1674,5.6154963853795874e-05
TEST_1675,0.9619949551077274
TEST_1676,0.5415138634806395
TEST_1677,1.0261320637053422e-07
TEST_1678,4.074493393686363e-06
TEST_1679,4.5470450670895035e-05
TEST_1680,6.325400823902928e-05
TEST_1681,0.026270830175142045
TEST_1682,2.158637938902936e-05
TEST_1683,0.7405255898203038
TEST_1684,0.08890961865582264
TEST_1685,0.00039249015496103
TEST_1686,0.00048362536384535023
TEST_1687,0.14303229056813593
TEST_1688,0.00010107134357841181
TEST_1689,1.3439092326951235e-06
TEST_1690,0.001143801944312804
TEST_1691,0.00039123776198027
TEST_1692,0.0017898995851290571
TEST_1693,0.2126930212040612
TEST_1694,1.0811022779766343e-06
TEST_1695,2.323288282446986e-05
TEST_1696,0.2931438624703119
TEST_1697,0.001772913253758192
TEST_1698,0.011839438794728338
TEST_1699,0.047519915137881966
TEST_1700,5.02572361873709e-08
TEST_1701,0.41520456322804544
TEST_1702,0.00015983603509100956
TEST_1703,4.79342149526848e-05
TEST_1704,0.00020405044658882053
TEST_1705,0.0002481966451876585
TEST_1706,4.7635097524790774e-05
TEST_1707,0.0003787982643782447
TEST_1708,3.613240142212022e-08
TEST_1709,1.6298445518427955e-05
TEST_1710,0.000508212794030993
TEST_1711,1.0460878385782323e-08
TEST_1712,0.07215297658993211
TEST_1713,3.8961352981024186e-05
TEST_1714,0.05901711674527099
TEST_1715,0.0001316754096381607
TEST_1716,1.3953261407322544e-05
TEST_1717,0.0763437109361468
TEST_1718,0.0008185642854748064
TEST_1719,0.000251701819767889
TEST_1720,0.01750397151774835
TEST_1721,8.572174614995402e-07
TEST_1722,2.8759208869562085e-05
TEST_1723,0.0004402726339217459
TEST_1724,0.1017745074537878
TEST_1725,0.00010407962687867383
TEST_1726,2.074126269439595e-06
TEST_1727,1.3964298220606549e-05
TEST_1728,0.00017752367024345198
TEST_1729,0.3553742741047116
TEST_1730,0.0028550343202996585
TEST_1731,3.3759308795003205e-05
TEST_1732,0.03522368902099239
TEST_1733,0.005060500471893764
TEST_1734,8.147119586610256e-06
TEST_1735,0.0002093386622811971
TEST_1736,0.005339813895918443
TEST_1737,0.3441961709924326
TEST_1738,0.00019215191746876028
TEST_1739,7.346295711181131e-05
TEST_1740,0.0571291143310591
TEST_1741,7.221629362855965e-06
TEST_1742,2.8815475989986673e-07
TEST_1743,0.026548428103936546
TEST_1744,0.00045917610936177435
TEST_1745,2.7354519830759388e-08
TEST_1746,0.09664589336314328
TEST_1747,0.9990441846781608
TEST_1748,0.9447829776829955
TEST_1749,3.8890390808353845e-07
TEST_1750,3.862039519413934e-06
TEST_1751,0.001209958183310567
TEST_1752,0.006234545520116328
TEST_1753,1.7386370693414335e-06
TEST_1754,0.00966069191677549
TEST_1755,0.045754849802080215
TEST_1756,2.1048426831335564e-07
TEST_1757,0.9999000038796387
TEST_1758,8.716452290549944e-07
TEST_1759,0.9896168329147875
TEST_1760,0.00011709400039507774
TEST_1761,0.012984885686476414
TEST_1762,0.0002540242877210815
TEST_1763,0.0001133333907509644
TEST_1764,0.12524479431285124
TEST_1765,8.872345283265983e-07
TEST_1766,0.0003374585967301499
TEST_1767,0.008642278896406803
TEST_1768,0.00390898961598413
TEST_1769,3.0778283479048595e-06
TEST_1770,0.9993956206989149
TEST_1771,1.4981778943743316e-06
TEST_1772,0.000964340801399192
TEST_1773,0.0077831421857626785
TEST_1774,0.9970489627842186
TEST_1775,6.990571532480892e-08
TEST_1776,0.998730665281067
TEST_1777,0.00023614268081532968
TEST_1778,2.650335389512444e-08
TEST_1779,0.21926048715825594
TEST_1780,0.0479794108566287
TEST_1781,4.3794987728629994e-05
TEST_1782,0.9735610121621282
TEST_1783,0.00459580954277065
TEST_1784,0.008997789784802309
TEST_1785,0.0010774454354696488
TEST_1786,0.0001891443607520969
TEST_1787,0.20576363154809568
TEST_1788,0.01684714181715832
TEST_1789,0.009078760062365595
TEST_1790,1.331876766255785e-07
TEST_1791,0.01172282107152546
TEST_1792,0.001968088562419269
TEST_1793,0.001050042354623375
TEST_1794,0.0009288404225309182
TEST_1795,0.000557918540411341
TEST_1796,3.3589329286637744e-07
TEST_1797,0.9967390376000188
TEST_1798,1.8248203778490252e-06
TEST_1799,0.20754567866233528
TEST_1800,6.247535901049844e-05
TEST_1801,0.18669274249298187
TEST_1802,0.0007832714894165815
TEST_1803,0.0002613752313144546
TEST_1804,8.513110120797322e-06
TEST_1805,0.7903803763262253
TEST_1806,0.002440292028757523
TEST_1807,9.462281023551298e-06
TEST_1808,0.011627820438724118
TEST_1809,0.41450289356544107
TEST_1810,1.2982623137682325e-05
TEST_1811,0.00023899272155232892
TEST_1812,1.9347027059765665e-07
TEST_1813,0.013863590165662113
TEST_1814,0.001270198450076108
TEST_1815,4.812468450931068e-05
TEST_1816,1.2132919426720513e-06
TEST_1817,0.05631155223341501
TEST_1818,0.013623609033494447
TEST_1819,8.567641292238682e-06
TEST_1820,0.0004705735357625841
TEST_1821,0.3133272678512613
TEST_1822,0.9976733340234363
TEST_1823,0.0002041914056149054
TEST_1824,0.000154219501545182
TEST_1825,0.500410415210875
TEST_1826,0.008629301767570745
TEST_1827,1.494119440096593e-05
TEST_1828,0.0003453671981643987
TEST_1829,0.40662346798140775
TEST_1830,1.498941363038893e-06
TEST_1831,4.3736558069073495e-06
TEST_1832,0.00019174739418106524
TEST_1833,0.00019427961450751166
TEST_1834,0.9998156339430639
TEST_1835,0.00043613079463514915
TEST_1836,0.00038544338267557093
TEST_1837,5.595047920667737e-05
TEST_1838,0.00566759262521594
TEST_1839,1.5755565563482112e-06
TEST_1840,0.0008283520837641999
TEST_1841,1.4632335399523267e-05
TEST_1842,0.00215231785926842
TEST_1843,0.3795648832596503
TEST_1844,0.8447340408912289
TEST_1845,7.788497623241876e-06
TEST_1846,0.00046590449818357935
TEST_1847,0.0010260342595430154
TEST_1848,0.0016371906514057093
TEST_1849,0.00012116511051481733
TEST_1850,5.01905842899606e-05
TEST_1851,0.00010939781103997296
TEST_1852,0.6701030288349127
TEST_1853,0.728611791993697
TEST_1854,1.2412665246445684e-05
TEST_1855,0.9950804449936824
TEST_1856,2.4094183487433273e-07
TEST_1857,0.10233060646447448
TEST_1858,0.00015561927438939615
TEST_1859,0.09031825752560273
TEST_1860,0.0006230106295145422
TEST_1861,0.0014123207962914656
TEST_1862,0.0003513888489207497
TEST_1863,6.441194872277439e-05
TEST_1864,0.0202170126085938
TEST_1865,5.2017331305436414e-05
TEST_1866,0.11757384399712484
TEST_1867,0.9967430131211663
TEST_1868,7.753708183020266e-05
TEST_1869,1.957267625450504e-05
TEST_1870,8.916920869029679e-08
TEST_1871,0.0003384583665341165
TEST_1872,0.9998287077500424
TEST_1873,0.0004995463740701782
TEST_1874,0.062462914339759305
TEST_1875,1.521094369280524e-06
TEST_1876,0.5810058927361808
TEST_1877,0.0001004546944253809
TEST_1878,6.549950717577215e-06
TEST_1879,0.9982733617070488
TEST_1880,8.079126115787922e-05
TEST_1881,8.13114205852914e-05
TEST_1882,0.3733835841152836
TEST_1883,0.0008606764522019234
TEST_1884,9.877513501926994e-08
TEST_1885,0.3279167211836642
TEST_1886,2.21326811649702e-07
TEST_1887,2.4759662563688733e-05
TEST_1888,1.3585372121946555e-05
TEST_1889,1.770321564011533e-06
TEST_1890,5.9336854465965945e-06
TEST_1891,0.8975770238583247
TEST_1892,0.00016946080066166945
TEST_1893,0.00027744441590740157
TEST_1894,0.00013015144133859074
TEST_1895,0.007066707149553035
TEST_1896,0.0047998561879064395
TEST_1897,7.034745406194211e-07
TEST_1898,6.851693072289755e-07
TEST_1899,0.000312869845859473
TEST_1900,2.8743561847985313e-06
TEST_1901,0.11650397120037038
TEST_1902,8.205292524255554e-08
TEST_1903,1.5215399453687949e-06
TEST_1904,1.9053492111717064e-05
TEST_1905,1.3916032402464599e-05
TEST_1906,0.0005960029925915076
TEST_1907,0.00013305937756925845
TEST_1908,0.01169694496777974
TEST_1909,9.313436790973754e-08
TEST_1910,0.0021613169286957535
TEST_1911,0.0029783852419317117
TEST_1912,7.61235888867312e-07
TEST_1913,3.4736215954004456e-05
TEST_1914,0.7406759672787979
TEST_1915,0.001480868686156169
TEST_1916,2.491049689723241e-06
TEST_1917,4.829250177079162e-07
TEST_1918,1.2874620609055194e-05
TEST_1919,5.032531271484045e-07
TEST_1920,3.899445631234299e-05
TEST_1921,0.013051583588654759
TEST_1922,2.9609864726155818e-08
TEST_1923,0.00023519760917160355
TEST_1924,1.755384168225451e-06
TEST_1925,0.00034359640545663354
TEST_1926,0.5240692257306335
TEST_1927,0.0003239869303425582
TEST_1928,6.9608682205322925e-06
TEST_1929,0.9951863704969253
TEST_1930,1.1410384889960234e-08
TEST_1931,5.7514906433260677e-05
TEST_1932,6.242047255694064e-05
TEST_1933,0.027367367876778473
TEST_1934,6.062987305500749e-07
TEST_1935,4.469145764914777e-05
TEST_1936,0.8496667006286082
TEST_1937,0.20484971808599764
TEST_1938,6.433038797926962e-05
TEST_1939,3.2645181194114785e-06
TEST_1940,9.656633237988994e-06
TEST_1941,5.826857715425189e-06
TEST_1942,0.006341762103964692
TEST_1943,7.321131812055048e-07
TEST_1944,1.541845784863644e-05
TEST_1945,0.002244070032859752
TEST_1946,0.0015941681735777361
TEST_1947,6.025074586370579e-06
TEST_1948,0.0019373082707057948
TEST_1949,0.22678233295385725
TEST_1950,0.00014415887844657148
TEST_1951,3.0412917099833724e-05
TEST_1952,0.00017970332883296682
TEST_1953,0.39115258656504137
TEST_1954,0.001811451317038268
TEST_1955,7.627061446583993e-05
TEST_1956,4.867371538947037e-06
TEST_1957,0.1248059599771023
TEST_1958,8.67367676526515e-06
TEST_1959,4.040380575365864e-05
TEST_1960,0.0008810268227230232
TEST_1961,6.961455732597031e-06
TEST_1962,0.004025022710568761
TEST_1963,0.0010248781702217528
TEST_1964,0.034147004589290174
TEST_1965,4.9959140948738826e-05
TEST_1966,1.3735113693988571e-06
TEST_1967,0.20557597401168037
TEST_1968,1.4841368022487135e-05
TEST_1969,2.9758371947083652e-08
TEST_1970,7.609962851974815e-05
TEST_1971,0.00011339877106660712
TEST_1972,0.0011611931831638797
TEST_1973,0.890438196894224
TEST_1974,3.7709679631308445e-06
TEST_1975,4.302539398016362e-05
TEST_1976,0.24122448323334855
TEST_1977,7.533812940774247e-07
TEST_1978,5.106156190092545e-05
TEST_1979,4.853563052193488e-06
TEST_1980,7.532187822561156e-06
TEST_1981,2.9445092065342853e-07
TEST_1982,3.046405240672386e-08
TEST_1983,2.4564306691992205e-06
TEST_1984,0.0001892063328971103
TEST_1985,7.623113360578707e-06
TEST_1986,1.1227825163311746e-06
TEST_1987,0.9895369957018701
TEST_1988,0.03585546732531681
TEST_1989,3.501148892491763e-06
TEST_1990,0.6632497437660297
TEST_1991,0.000336045256580736
TEST_1992,0.05020435121524734
TEST_1993,1.4619655558880303e-05
TEST_1994,1.710898414908235e-05
TEST_1995,8.536969475875685e-06
TEST_1996,0.14073857825402564
TEST_1997,0.0006471559373981108
TEST_1998,0.004524312701969782
TEST_1999,0.0007050085690816457
TEST_2000,0.00019790013461002708
TEST_2001,0.17666191080245405
TEST_2002,0.07007154068621596
TEST_2003,0.9706508768941289
TEST_2004,8.848779567066683e-08
TEST_2005,0.004861635994889911
TEST_2006,0.002217039902225765
TEST_2007,0.00011961399555663574
TEST_2008,6.321455828137121e-07
TEST_2009,0.002058745622906029
TEST_2010,8.144733008079589e-05
TEST_2011,6.64869399659177e-05
TEST_2012,0.00021852848516006732
TEST_2013,0.0025395081050891342
TEST_2014,2.399302460749953e-06
TEST_2015,3.707782793405041e-05
TEST_2016,0.7681295368732577
TEST_2017,0.009090761323500895
TEST_2018,4.841574244431655e-07
TEST_2019,0.00015575188790138846
TEST_2020,0.002883295394776496
TEST_2021,0.0023137472325967154
TEST_2022,6.140694492079667e-05
TEST_2023,0.001082825082301949
TEST_2024,0.00011169552932577079
TEST_2025,5.851724141645427e-06
TEST_2026,8.549618231853955e-07
TEST_2027,1.6457779881421664e-05
TEST_2028,0.00013600513405781901
TEST_2029,0.3043038902048648
TEST_2030,0.0005838482964774371
TEST_2031,9.81846938064798e-06
TEST_2032,7.275462019077045e-05
TEST_2033,0.0016696813654156735
TEST_2034,2.7125479540397397e-07
TEST_2035,1.4992274314647555e-05
TEST_2036,0.02597151816880295
TEST_2037,0.9022060911698161
TEST_2038,7.73768436748824e-06
TEST_2039,0.17413053786169227
TEST_2040,0.018582649654293862
TEST_2041,7.456817428251687e-05
TEST_2042,0.004834892019805559
TEST_2043,0.9974930254914659
TEST_2044,0.006717124382566741
TEST_2045,0.0004924615647144919
TEST_2046,0.07661327770223446
TEST_2047,0.14049094043877683
TEST_2048,0.1198894409139612
TEST_2049,0.9038627055684799
TEST_2050,0.00012058307831231992
TEST_2051,0.0026130175199463664
TEST_2052,5.428909974151462e-06
TEST_2053,2.142409517711442e-05
TEST_2054,0.9999171010445742
TEST_2055,7.752179778646548e-05
TEST_2056,0.012397821230659186
TEST_2057,3.1400889786515024e-06
TEST_2058,0.00011249440622061247
TEST_2059,0.14515014907461157
TEST_2060,0.0014235606936663786
TEST_2061,0.9770161225747965
