UID,채무 불이행 확률
TEST_0000,0.37009926143593014
TEST_0001,0.34170692882231934
TEST_0002,0.2910255020747243
TEST_0003,0.203320338368916
TEST_0004,0.26092028797071704
TEST_0005,0.24519367790176871
TEST_0006,0.5492534980660566
TEST_0007,0.416350690058264
TEST_0008,0.23986116288582507
TEST_0009,0.37001176131081087
TEST_0010,0.3360341777591365
TEST_0011,0.22456553950638347
TEST_0012,0.21196157429640666
TEST_0013,0.3201602163366864
TEST_0014,0.5223198644135462
TEST_0015,0.18493923392121006
TEST_0016,0.33173422316598294
TEST_0017,0.27700690915657866
TEST_0018,0.1643214427926659
TEST_0019,0.32311805441114494
TEST_0020,0.2468677553552944
TEST_0021,0.3648515720004187
TEST_0022,0.24694152198208438
TEST_0023,0.3362159885487741
TEST_0024,0.2493828129177639
TEST_0025,0.38840031291676635
TEST_0026,0.30517285804760863
TEST_0027,0.4566169794751643
TEST_0028,0.3329948949497766
TEST_0029,0.7506700515989269
TEST_0030,0.17375564301575264
TEST_0031,0.19976258483322062
TEST_0032,0.2310309928410122
TEST_0033,0.47522529410951286
TEST_0034,0.2779769166366767
TEST_0035,0.1649408086405855
TEST_0036,0.31465226723850076
TEST_0037,0.17541542261680482
TEST_0038,0.3844311649172901
TEST_0039,0.41276189869771884
TEST_0040,0.5348191900243499
TEST_0041,0.16518369927428234
TEST_0042,0.07657379404498409
TEST_0043,0.23477144268295513
TEST_0044,0.17933290104870667
TEST_0045,0.19821913265064872
TEST_0046,0.26135974547237384
TEST_0047,0.3637050667740358
TEST_0048,0.4294235716198693
TEST_0049,0.26306995260310756
TEST_0050,0.3017852636335743
TEST_0051,0.11789694427331218
TEST_0052,0.40394720741268647
TEST_0053,0.34545910947542374
TEST_0054,0.219940440580414
TEST_0055,0.17972621311371853
TEST_0056,0.10541359746969878
TEST_0057,0.22898119718039103
TEST_0058,0.558460678854793
TEST_0059,0.2210859778758884
TEST_0060,0.149228833818166
TEST_0061,0.10301691174613695
TEST_0062,0.41107941550948757
TEST_0063,0.28269208092338993
TEST_0064,0.37165308315615375
TEST_0065,0.2425282920677842
TEST_0066,0.21549063865725535
TEST_0067,0.15983006519395998
TEST_0068,0.23112024455201655
TEST_0069,0.28046856368927897
TEST_0070,0.20468930901607774
TEST_0071,0.42425910272256745
TEST_0072,0.1433636132020847
TEST_0073,0.19888148553868437
TEST_0074,0.2962314977725187
TEST_0075,0.3811321718427597
TEST_0076,0.21113465908603857
TEST_0077,0.2588341006805513
TEST_0078,0.14740899600598228
TEST_0079,0.20554710300526383
TEST_0080,0.18314844012146242
TEST_0081,0.41579963460798186
TEST_0082,0.4140393265449819
TEST_0083,0.35176148106031024
TEST_0084,0.34034187606333677
TEST_0085,0.2909672859494197
TEST_0086,0.370708469344035
TEST_0087,0.2870315240930046
TEST_0088,0.08050849815496938
TEST_0089,0.36850517669742355
TEST_0090,0.49808296084807874
TEST_0091,0.21390113471689337
TEST_0092,0.34633002873337654
TEST_0093,0.4486626664293803
TEST_0094,0.20057756205435964
TEST_0095,0.2979726360293487
TEST_0096,0.23945069692890295
TEST_0097,0.3203367188597172
TEST_0098,0.38337922142208775
TEST_0099,0.3148983369818257
TEST_0100,0.3190388436545238
TEST_0101,0.1791941391196681
TEST_0102,0.25807043305175836
TEST_0103,0.22568520309399592
TEST_0104,0.5825788618198631
TEST_0105,0.22550417352632687
TEST_0106,0.45982456393198146
TEST_0107,0.24923522527461273
TEST_0108,0.21787689890314169
TEST_0109,0.1738360336986096
TEST_0110,0.1304629099617335
TEST_0111,0.3829936478879926
TEST_0112,0.2768317280820182
TEST_0113,0.4112128588022823
TEST_0114,0.44488844477584755
TEST_0115,0.250426397208039
TEST_0116,0.4582975442417118
TEST_0117,0.10323428463037633
TEST_0118,0.2371818945817503
TEST_0119,0.3756073083057938
TEST_0120,0.2460199102136593
TEST_0121,0.27088337547474023
TEST_0122,0.18090691300822667
TEST_0123,0.20659068573405906
TEST_0124,0.3051302004191755
TEST_0125,0.17312574171403383
TEST_0126,0.1877017392242511
TEST_0127,0.2626569149977415
TEST_0128,0.22517625834597402
TEST_0129,0.4054360226860758
TEST_0130,0.3426635785651693
TEST_0131,0.28953339520125493
TEST_0132,0.4004772308396917
TEST_0133,0.19239181805276212
TEST_0134,0.24727070192016862
TEST_0135,0.3953659983500011
TEST_0136,0.6118993979490647
TEST_0137,0.37702246334255646
TEST_0138,0.5874792004030902
TEST_0139,0.6694984500655241
TEST_0140,0.5085765311896957
TEST_0141,0.31164708763524424
TEST_0142,0.1654709398351571
TEST_0143,0.15696779227776947
TEST_0144,0.17938004134876162
TEST_0145,0.3313976546594944
TEST_0146,0.36697655132091933
TEST_0147,0.31948261552733803
TEST_0148,0.34344815730178596
TEST_0149,0.30836139179627886
TEST_0150,0.46310176176436624
TEST_0151,0.33208898297621703
TEST_0152,0.5153257017743464
TEST_0153,0.18131204205414275
TEST_0154,0.5354839336030359
TEST_0155,0.11577469743938897
TEST_0156,0.5529355070509562
TEST_0157,0.1360026383500421
TEST_0158,0.38275001425173516
TEST_0159,0.14928748338347272
TEST_0160,0.5704287480246392
TEST_0161,0.31882545560551506
TEST_0162,0.19479568666383515
TEST_0163,0.39304828755848786
TEST_0164,0.2584261546902406
TEST_0165,0.09458509593604336
TEST_0166,0.3664149489823105
TEST_0167,0.5585210231250577
TEST_0168,0.19668828555440668
TEST_0169,0.48417386461195105
TEST_0170,0.3997256402739573
TEST_0171,0.26497264109395063
TEST_0172,0.2064341849938899
TEST_0173,0.20431568172990355
TEST_0174,0.2204882396288248
TEST_0175,0.3971237803931797
TEST_0176,0.2644600250958593
TEST_0177,0.3650088605029801
TEST_0178,0.3109312127068538
TEST_0179,0.3854578605167529
TEST_0180,0.3032270416455103
TEST_0181,0.1346486113509702
TEST_0182,0.21348645161494847
TEST_0183,0.11965397004653916
TEST_0184,0.3816176188863263
TEST_0185,0.17519720813968293
TEST_0186,0.10121642799146466
TEST_0187,0.20256693784175503
TEST_0188,0.2115139068864297
TEST_0189,0.26920963152726746
TEST_0190,0.2721290636444582
TEST_0191,0.23903274999861646
TEST_0192,0.22820326957057707
TEST_0193,0.15523649014652874
TEST_0194,0.11571993169575455
TEST_0195,0.18429101734074943
TEST_0196,0.4680971281199885
TEST_0197,0.5546456068615442
TEST_0198,0.22600643504492765
TEST_0199,0.521071165146684
TEST_0200,0.1405310344856527
TEST_0201,0.37253948891857436
TEST_0202,0.25736133078358997
TEST_0203,0.1782954456396844
TEST_0204,0.3211018990182725
TEST_0205,0.5098027566162299
TEST_0206,0.4906872097937763
TEST_0207,0.1285304715593319
TEST_0208,0.15393567880310488
TEST_0209,0.5407900213810151
TEST_0210,0.28956667315473106
TEST_0211,0.5855061453114375
TEST_0212,0.4035226930697694
TEST_0213,0.3088366223582631
TEST_0214,0.1751212355103408
TEST_0215,0.24158608981208077
TEST_0216,0.16806312668564216
TEST_0217,0.26361604645977843
TEST_0218,0.08956541629351425
TEST_0219,0.2944355032326257
TEST_0220,0.3646805769616798
TEST_0221,0.25229133900818757
TEST_0222,0.5898622207658267
TEST_0223,0.33726010141841034
TEST_0224,0.18134256725056114
TEST_0225,0.23251383043793056
TEST_0226,0.2712278950207562
TEST_0227,0.2805002964736142
TEST_0228,0.2848221372402453
TEST_0229,0.1709696804013824
TEST_0230,0.3481903161803555
TEST_0231,0.4424676212787544
TEST_0232,0.2613898739943898
TEST_0233,0.24573549802069977
TEST_0234,0.1616999084564158
TEST_0235,0.4776869271851735
TEST_0236,0.25395124540302566
TEST_0237,0.3615164006589684
TEST_0238,0.28077961301773163
TEST_0239,0.23831919653519057
TEST_0240,0.35750785273681474
TEST_0241,0.27328423520750034
TEST_0242,0.2749482519149963
TEST_0243,0.45713117376734724
TEST_0244,0.1914392784882202
TEST_0245,0.6182103190199539
TEST_0246,0.2612660719485312
TEST_0247,0.608472645368553
TEST_0248,0.3284978221251758
TEST_0249,0.19071589168779687
TEST_0250,0.15068729702904265
TEST_0251,0.38508567194656573
TEST_0252,0.6528382378511556
TEST_0253,0.506845056619149
TEST_0254,0.12397200812643269
TEST_0255,0.5630853216340455
TEST_0256,0.45483500684298295
TEST_0257,0.19155084161327993
TEST_0258,0.1648716741153739
TEST_0259,0.11456014754040517
TEST_0260,0.1698216457507023
TEST_0261,0.3510360463635619
TEST_0262,0.2502176997409899
TEST_0263,0.3738679928065612
TEST_0264,0.4180160154396086
TEST_0265,0.19501886098403273
TEST_0266,0.1547163366880086
TEST_0267,0.2184284093168503
TEST_0268,0.3926889730854579
TEST_0269,0.21428539004080127
TEST_0270,0.2523665342068403
TEST_0271,0.2786391312660496
TEST_0272,0.24966702326909948
TEST_0273,0.46230282457228933
TEST_0274,0.13244161400612475
TEST_0275,0.14463852075321568
TEST_0276,0.25462912264694254
TEST_0277,0.1934423497744594
TEST_0278,0.2510316808999284
TEST_0279,0.35231161706196773
TEST_0280,0.2974257453313915
TEST_0281,0.1506152603573877
TEST_0282,0.11438146748728999
TEST_0283,0.3719659676659814
TEST_0284,0.24151669096505657
TEST_0285,0.3738502798479064
TEST_0286,0.2199838985851625
TEST_0287,0.3962278513755949
TEST_0288,0.19191848028283243
TEST_0289,0.12369598092178047
TEST_0290,0.30274250382570717
TEST_0291,0.1637166158342661
TEST_0292,0.21258619488324215
TEST_0293,0.23494103119413356
TEST_0294,0.2377924346218886
TEST_0295,0.40257731920466505
TEST_0296,0.1452848709489477
TEST_0297,0.25045712274594517
TEST_0298,0.42555433790657904
TEST_0299,0.3956994942406526
TEST_0300,0.3435460040705511
TEST_0301,0.2746720330464884
TEST_0302,0.5353965348503463
TEST_0303,0.2601949518519653
TEST_0304,0.21221734360943442
TEST_0305,0.2024332506528813
TEST_0306,0.36173569347581774
TEST_0307,0.7244624867510687
TEST_0308,0.6749197553373493
TEST_0309,0.15793453364547894
TEST_0310,0.16755531179002622
TEST_0311,0.5560734615897974
TEST_0312,0.3567125629087878
TEST_0313,0.2741473746471856
TEST_0314,0.5150669953316319
TEST_0315,0.38723546913661494
TEST_0316,0.1389698107236115
TEST_0317,0.555837651486032
TEST_0318,0.25423210866077806
TEST_0319,0.4116162595827679
TEST_0320,0.39717954222144686
TEST_0321,0.6827088921600908
TEST_0322,0.6381438778088593
TEST_0323,0.22853799611891432
TEST_0324,0.6579493097829133
TEST_0325,0.18439587401114063
TEST_0326,0.4210555657565331
TEST_0327,0.21399337633603457
TEST_0328,0.40919841673911667
TEST_0329,0.32868560698294774
TEST_0330,0.16918172365091835
TEST_0331,0.23973218989254258
TEST_0332,0.34836167848576916
TEST_0333,0.29360474499957556
TEST_0334,0.2679120608993381
TEST_0335,0.3297849703443999
TEST_0336,0.16986561412837126
TEST_0337,0.3832651398625639
TEST_0338,0.37859752504784133
TEST_0339,0.18747466291132825
TEST_0340,0.40264182410140475
TEST_0341,0.19509089031476745
TEST_0342,0.43464690294228253
TEST_0343,0.4331105746303189
TEST_0344,0.24535635489272142
TEST_0345,0.3129967223878866
TEST_0346,0.26415307690507367
TEST_0347,0.37790421741554037
TEST_0348,0.4266333934570742
TEST_0349,0.6173615743126845
TEST_0350,0.3223270913001189
TEST_0351,0.2404978752972484
TEST_0352,0.27079997965471053
TEST_0353,0.34265412823063923
TEST_0354,0.2851523929511841
TEST_0355,0.4969908402753514
TEST_0356,0.38795495811131003
TEST_0357,0.15695878927753765
TEST_0358,0.33592096002624733
TEST_0359,0.32321941993716263
TEST_0360,0.11172756045478766
TEST_0361,0.20272974681890524
TEST_0362,0.3257819855130425
TEST_0363,0.3707727670558807
TEST_0364,0.38632381695878226
TEST_0365,0.3087180461481301
TEST_0366,0.2402332745289079
TEST_0367,0.49858922990881943
TEST_0368,0.299325846292373
TEST_0369,0.297654681568011
TEST_0370,0.2608985217191145
TEST_0371,0.2002498954217785
TEST_0372,0.21441758249673973
TEST_0373,0.11608237560742588
TEST_0374,0.3985441454483796
TEST_0375,0.17546392504129632
TEST_0376,0.24960611623944776
TEST_0377,0.29528204440150113
TEST_0378,0.3833976829509023
TEST_0379,0.5661318285822792
TEST_0380,0.21628463581778049
TEST_0381,0.467846736181832
TEST_0382,0.32100589582678635
TEST_0383,0.22965398371446905
TEST_0384,0.20937673270610604
TEST_0385,0.31495981552123287
TEST_0386,0.31572221156848446
TEST_0387,0.6173645701516913
TEST_0388,0.09821256599875643
TEST_0389,0.23027376956148193
TEST_0390,0.2007698796666547
TEST_0391,0.271056798733416
TEST_0392,0.22904184247122927
TEST_0393,0.382176812670692
TEST_0394,0.19089697699245534
TEST_0395,0.30345090207426256
TEST_0396,0.3249520392039364
TEST_0397,0.3118784668461661
TEST_0398,0.37306613876554306
TEST_0399,0.25943447231438765
TEST_0400,0.2575886088459754
TEST_0401,0.2584572338294873
TEST_0402,0.377936614294949
TEST_0403,0.3119054310159701
TEST_0404,0.3946214165988414
TEST_0405,0.3451161560308501
TEST_0406,0.2200719846136875
TEST_0407,0.6314173894324394
TEST_0408,0.19557282400122653
TEST_0409,0.3692294924119832
TEST_0410,0.2827681504114453
TEST_0411,0.29078360318971624
TEST_0412,0.3710190765359872
TEST_0413,0.1656353618556862
TEST_0414,0.19795409042838072
TEST_0415,0.49953615520099687
TEST_0416,0.1591573898295445
TEST_0417,0.6157819058217856
TEST_0418,0.21380563120012852
TEST_0419,0.4573856313441058
TEST_0420,0.27497400517096093
TEST_0421,0.4481043668211437
TEST_0422,0.14476109157742886
TEST_0423,0.1270229400889896
TEST_0424,0.4152724777967028
TEST_0425,0.43355198154861835
TEST_0426,0.3235703755796439
TEST_0427,0.1336429053719004
TEST_0428,0.42359760452627454
TEST_0429,0.27432000624230357
TEST_0430,0.23582299013915456
TEST_0431,0.24709575195324504
TEST_0432,0.14562483750285574
TEST_0433,0.3778710078032292
TEST_0434,0.3344054602106009
TEST_0435,0.6584640898960261
TEST_0436,0.27166943850625236
TEST_0437,0.481200323758091
TEST_0438,0.13390822915363546
TEST_0439,0.2623677254214218
TEST_0440,0.2641730627342867
TEST_0441,0.2907885049475396
TEST_0442,0.18085244125739397
TEST_0443,0.1837932493150167
TEST_0444,0.36102296628320457
TEST_0445,0.22075869953799676
TEST_0446,0.25755354748516174
TEST_0447,0.33213219904524494
TEST_0448,0.2626926928923688
TEST_0449,0.15036378428416378
TEST_0450,0.12273026449148897
TEST_0451,0.29779080113749407
TEST_0452,0.5203273371743167
TEST_0453,0.21166563832839777
TEST_0454,0.2464833924360634
TEST_0455,0.13333522068130635
TEST_0456,0.24543908326244765
TEST_0457,0.3341274620595951
TEST_0458,0.2514208751274771
TEST_0459,0.3687541823336977
TEST_0460,0.1355089359294232
TEST_0461,0.29603685436028937
TEST_0462,0.22826456839616105
TEST_0463,0.4123455913110956
TEST_0464,0.23629757767407136
TEST_0465,0.13800227363838657
TEST_0466,0.16014664395509823
TEST_0467,0.18635404742166636
TEST_0468,0.23086641603628574
TEST_0469,0.14314465571552853
TEST_0470,0.35510351103093635
TEST_0471,0.2875070949538766
TEST_0472,0.27017941977674526
TEST_0473,0.12500783452174297
TEST_0474,0.16385763755779942
TEST_0475,0.2477659883984388
TEST_0476,0.40296219493178764
TEST_0477,0.2739173891522846
TEST_0478,0.37929413065713796
TEST_0479,0.670293150225402
TEST_0480,0.36807918994249167
TEST_0481,0.345928107905812
TEST_0482,0.21727027120768375
TEST_0483,0.15983846092192577
TEST_0484,0.14972848906915998
TEST_0485,0.4300263589600827
TEST_0486,0.162605092734338
TEST_0487,0.2620923996611445
TEST_0488,0.3537178921975485
TEST_0489,0.21656803820991713
TEST_0490,0.14571959442065893
TEST_0491,0.15366380593872375
TEST_0492,0.27860807209832594
TEST_0493,0.3084969239080626
TEST_0494,0.4205547798166845
TEST_0495,0.5165278416381855
TEST_0496,0.31562102316824114
TEST_0497,0.5818997527970531
TEST_0498,0.3220485538708752
TEST_0499,0.28069195890444965
TEST_0500,0.20192350424754002
TEST_0501,0.14645215616042564
TEST_0502,0.5139659957276623
TEST_0503,0.22913865957792698
TEST_0504,0.12306935332897535
TEST_0505,0.09510833813798794
TEST_0506,0.22365960966033896
TEST_0507,0.4357319597612722
TEST_0508,0.2084436206379169
TEST_0509,0.29533784606470476
TEST_0510,0.3175204402717563
TEST_0511,0.2885702591873066
TEST_0512,0.45490111680098705
TEST_0513,0.1633916440767263
TEST_0514,0.19163209794079872
TEST_0515,0.6336381693737634
TEST_0516,0.280387609400321
TEST_0517,0.40113101593210604
TEST_0518,0.5947582724155724
TEST_0519,0.18899622818323544
TEST_0520,0.38200905335193186
TEST_0521,0.23889044635213377
TEST_0522,0.26504651604433427
TEST_0523,0.18934973813392625
TEST_0524,0.237279371777015
TEST_0525,0.2516179377880605
TEST_0526,0.5168365643338216
TEST_0527,0.12327275038663707
TEST_0528,0.4832194151454028
TEST_0529,0.41840139899805595
TEST_0530,0.11701128385598039
TEST_0531,0.3838008108608848
TEST_0532,0.3689774611337611
TEST_0533,0.2951773143142228
TEST_0534,0.32617148534128004
TEST_0535,0.3409059542138362
TEST_0536,0.20449306646659926
TEST_0537,0.21300285570513833
TEST_0538,0.4127815599521506
TEST_0539,0.5741158864446583
TEST_0540,0.2978909350684668
TEST_0541,0.23409020819164222
TEST_0542,0.2961086810336946
TEST_0543,0.19314863424806966
TEST_0544,0.39657889083086495
TEST_0545,0.18340273410780192
TEST_0546,0.24375728885804587
TEST_0547,0.7063018501452158
TEST_0548,0.28159223040274856
TEST_0549,0.5762561517806546
TEST_0550,0.2404187068556674
TEST_0551,0.41177702931346494
TEST_0552,0.3049656728594762
TEST_0553,0.31483078756752025
TEST_0554,0.2718263167664503
TEST_0555,0.42460724921213244
TEST_0556,0.4169661809127966
TEST_0557,0.23190169718924777
TEST_0558,0.17110609696457849
TEST_0559,0.5316395014474024
TEST_0560,0.1822056587067557
TEST_0561,0.23617710070262607
TEST_0562,0.2413913212629519
TEST_0563,0.7358475217338668
TEST_0564,0.34796215326925584
TEST_0565,0.2804490712562993
TEST_0566,0.18924445773583012
TEST_0567,0.39013233126046176
TEST_0568,0.18178762744782623
TEST_0569,0.21788195187978143
TEST_0570,0.29308880193480846
TEST_0571,0.21270893500575652
TEST_0572,0.2891969245674764
TEST_0573,0.2295211022800934
TEST_0574,0.2300606205102586
TEST_0575,0.14777206702720821
TEST_0576,0.33909407392648383
TEST_0577,0.14313637824524675
TEST_0578,0.21941601272373223
TEST_0579,0.28508752447945684
TEST_0580,0.30160276222493493
TEST_0581,0.33280515929363447
TEST_0582,0.3074903242570126
TEST_0583,0.2180634256755164
TEST_0584,0.6677726326754332
TEST_0585,0.18587992678621124
TEST_0586,0.18829550307284687
TEST_0587,0.17914294613627765
TEST_0588,0.4999808003054086
TEST_0589,0.40005646144094087
TEST_0590,0.37173480085207494
TEST_0591,0.17685613174602485
TEST_0592,0.15566201476340255
TEST_0593,0.5738654551457241
TEST_0594,0.4474062043021872
TEST_0595,0.43576754515473726
TEST_0596,0.30768354548816657
TEST_0597,0.2181636970211884
TEST_0598,0.3954698864764047
TEST_0599,0.4485073875922611
TEST_0600,0.1619413141316495
TEST_0601,0.4622448260860201
TEST_0602,0.36702715065627645
TEST_0603,0.3869585605706585
TEST_0604,0.3455575676569843
TEST_0605,0.22817320067256763
TEST_0606,0.2447721875214473
TEST_0607,0.17650302420368447
TEST_0608,0.13743843612422477
TEST_0609,0.2852424602615642
TEST_0610,0.15165324434685307
TEST_0611,0.4403013589484352
TEST_0612,0.22782791071818692
TEST_0613,0.2732306789310736
TEST_0614,0.21718124323327043
TEST_0615,0.25448326200917915
TEST_0616,0.3968507587222493
TEST_0617,0.2965015232957432
TEST_0618,0.1896601347700659
TEST_0619,0.3721316394104475
TEST_0620,0.3319498081384703
TEST_0621,0.2490242490341452
TEST_0622,0.23808614155792043
TEST_0623,0.4755003947236058
TEST_0624,0.6011547366148271
TEST_0625,0.12466845657242727
TEST_0626,0.42643583273446883
TEST_0627,0.22142997764831687
TEST_0628,0.402926309704
TEST_0629,0.27922896871342623
TEST_0630,0.5259570980969609
TEST_0631,0.16709498243069193
TEST_0632,0.22996516167735062
TEST_0633,0.3779498230552632
TEST_0634,0.43446521258592136
TEST_0635,0.2268868506907342
TEST_0636,0.4185312838797514
TEST_0637,0.3203493955787399
TEST_0638,0.3999404830072828
TEST_0639,0.5798835642847141
TEST_0640,0.23421538210819767
TEST_0641,0.40383383189150307
TEST_0642,0.28445889528799895
TEST_0643,0.20545884031629547
TEST_0644,0.23370411615569633
TEST_0645,0.2786702199346383
TEST_0646,0.5687204281278954
TEST_0647,0.17931261200463003
TEST_0648,0.36306637661015384
TEST_0649,0.30202085738347484
TEST_0650,0.4136365773737105
TEST_0651,0.12557988249797827
TEST_0652,0.14746242012490934
TEST_0653,0.45870123666939205
TEST_0654,0.41975708601974354
TEST_0655,0.24943368796595924
TEST_0656,0.19687602084927183
TEST_0657,0.3182982393546862
TEST_0658,0.25285158405697583
TEST_0659,0.2702260534136544
TEST_0660,0.31691106587928064
TEST_0661,0.3345727914625537
TEST_0662,0.13738738873571688
TEST_0663,0.2734903381461999
TEST_0664,0.2538788488721004
TEST_0665,0.2281905407475625
TEST_0666,0.5435414479645072
TEST_0667,0.2157140220070027
TEST_0668,0.31081100883016327
TEST_0669,0.3804837901145437
TEST_0670,0.337585091704845
TEST_0671,0.1561554853191337
TEST_0672,0.14808477197226677
TEST_0673,0.2162923229460106
TEST_0674,0.13149739977374497
TEST_0675,0.20485671215884327
TEST_0676,0.10634710335738697
TEST_0677,0.5008258174557689
TEST_0678,0.4461940883153709
TEST_0679,0.5334829473889807
TEST_0680,0.3316705385711649
TEST_0681,0.3649910400193115
TEST_0682,0.1816449726955118
TEST_0683,0.5642397475706693
TEST_0684,0.3867243340501815
TEST_0685,0.3018542897594195
TEST_0686,0.2600859045483029
TEST_0687,0.28524588278356733
TEST_0688,0.5314294056141977
TEST_0689,0.2866963387506588
TEST_0690,0.4798559478520276
TEST_0691,0.20524647295533646
TEST_0692,0.3445546923249283
TEST_0693,0.22792083354237336
TEST_0694,0.3983284934092761
TEST_0695,0.5061203448292734
TEST_0696,0.1573358561597059
TEST_0697,0.303454150218281
TEST_0698,0.35546691765727334
TEST_0699,0.22936719527108218
TEST_0700,0.11668558756849737
TEST_0701,0.57413000223403
TEST_0702,0.20474148420849284
TEST_0703,0.20291405627000275
TEST_0704,0.2711077665966245
TEST_0705,0.19933023231631652
TEST_0706,0.1633856939288167
TEST_0707,0.4279994781324117
TEST_0708,0.4752217988655598
TEST_0709,0.4050957315415465
TEST_0710,0.1569150046399406
TEST_0711,0.32836387244183685
TEST_0712,0.284829819485909
TEST_0713,0.24525909017869954
TEST_0714,0.31944759458098665
TEST_0715,0.5656135670490046
TEST_0716,0.32193345776477866
TEST_0717,0.5791148290126337
TEST_0718,0.2608791670996748
TEST_0719,0.31771312896917686
TEST_0720,0.4425312580912572
TEST_0721,0.3864812297196639
TEST_0722,0.13039784620139402
TEST_0723,0.2183539905299636
TEST_0724,0.2927297821744356
TEST_0725,0.1911270349885087
TEST_0726,0.2624957098979027
TEST_0727,0.2715314930306643
TEST_0728,0.536806158738394
TEST_0729,0.17231531444640433
TEST_0730,0.12727923712599087
TEST_0731,0.3089185917547257
TEST_0732,0.4401438936807305
TEST_0733,0.2768496521240494
TEST_0734,0.36559816046932164
TEST_0735,0.28443588535746867
TEST_0736,0.33611525991797514
TEST_0737,0.3385127084056196
TEST_0738,0.3654902862827272
TEST_0739,0.11865869457485716
TEST_0740,0.2709444696857244
TEST_0741,0.3235463432078122
TEST_0742,0.3881329817441111
TEST_0743,0.4377394518690011
TEST_0744,0.27731739696175545
TEST_0745,0.25151079918642416
TEST_0746,0.16706775431536733
TEST_0747,0.37933789148523966
TEST_0748,0.31850848102241286
TEST_0749,0.3216190147102394
TEST_0750,0.3817360968511863
TEST_0751,0.2188305120320942
TEST_0752,0.5390986607243509
TEST_0753,0.5213098125684398
TEST_0754,0.3357386593927858
TEST_0755,0.3011688728457465
TEST_0756,0.21223731205047647
TEST_0757,0.29307389366382586
TEST_0758,0.1713813356237847
TEST_0759,0.129913721369559
TEST_0760,0.2584380738236652
TEST_0761,0.26001347263571034
TEST_0762,0.2031402911380402
TEST_0763,0.2128220814407278
TEST_0764,0.2377637137492303
TEST_0765,0.2431530973450278
TEST_0766,0.2988855075770072
TEST_0767,0.13315671080774238
TEST_0768,0.5365566832340091
TEST_0769,0.5962546591107144
TEST_0770,0.2842782920312016
TEST_0771,0.1834683896539152
TEST_0772,0.20490715140384683
TEST_0773,0.10520009719776835
TEST_0774,0.29061127096985384
TEST_0775,0.22579442585392565
TEST_0776,0.43326667770657695
TEST_0777,0.16643702646362907
TEST_0778,0.43913115244016915
TEST_0779,0.317106139876883
TEST_0780,0.5755766543611341
TEST_0781,0.12227377646349254
TEST_0782,0.3556388039117632
TEST_0783,0.11958907974408954
TEST_0784,0.13523742268698657
TEST_0785,0.42252176408236236
TEST_0786,0.34905803536172103
TEST_0787,0.16905518191123442
TEST_0788,0.5276848648628835
TEST_0789,0.3289441057350444
TEST_0790,0.18804496464522913
TEST_0791,0.652783781793778
TEST_0792,0.21797490431887673
TEST_0793,0.1842109876112711
TEST_0794,0.15344508084388916
TEST_0795,0.14516384851319902
TEST_0796,0.19660293552377672
TEST_0797,0.5907394527214354
TEST_0798,0.3605639223127773
TEST_0799,0.2007782797539781
TEST_0800,0.405711961992783
TEST_0801,0.4640123881764074
TEST_0802,0.262564510957139
TEST_0803,0.33479208528562043
TEST_0804,0.26994309221089263
TEST_0805,0.1466497587348546
TEST_0806,0.2339327840270706
TEST_0807,0.15633408180540395
TEST_0808,0.3213091886161479
TEST_0809,0.1672298738776326
TEST_0810,0.45011439879024806
TEST_0811,0.10494263146138592
TEST_0812,0.387430630683102
TEST_0813,0.1895145283325308
TEST_0814,0.46831750535121
TEST_0815,0.26773008453854247
TEST_0816,0.5279816222394225
TEST_0817,0.1599850166811134
TEST_0818,0.3173918857835908
TEST_0819,0.4152411741914671
TEST_0820,0.43336600690489585
TEST_0821,0.20809621708781373
TEST_0822,0.583899028099409
TEST_0823,0.16717292691442623
TEST_0824,0.3702362501535269
TEST_0825,0.30278791136858746
TEST_0826,0.26465572663321846
TEST_0827,0.21344156712574092
TEST_0828,0.2901252295238468
TEST_0829,0.5411348179778407
TEST_0830,0.1418351240408123
TEST_0831,0.4082702642846696
TEST_0832,0.31740497678663454
TEST_0833,0.47865167137453796
TEST_0834,0.19488523821248574
TEST_0835,0.3592193367529817
TEST_0836,0.25334764652344127
TEST_0837,0.16302711498901967
TEST_0838,0.3584920673409769
TEST_0839,0.2086639505227272
TEST_0840,0.14198319720104643
TEST_0841,0.16076999535892614
TEST_0842,0.3113322473408516
TEST_0843,0.26985730191228063
TEST_0844,0.5055855024671901
TEST_0845,0.19299318877029967
TEST_0846,0.3214797231837404
TEST_0847,0.31095971344084605
TEST_0848,0.4717301087204359
TEST_0849,0.5401549210773172
TEST_0850,0.24441989086396512
TEST_0851,0.3581025009388414
TEST_0852,0.39056227918074543
TEST_0853,0.30399790298391954
TEST_0854,0.21025547589569882
TEST_0855,0.14810670195600364
TEST_0856,0.47855429731998794
TEST_0857,0.48809774947178386
TEST_0858,0.18454970704320842
TEST_0859,0.27435045041009054
TEST_0860,0.28779495089022283
TEST_0861,0.2742187393577569
TEST_0862,0.42763989409812514
TEST_0863,0.24172183469963496
TEST_0864,0.5331057206924259
TEST_0865,0.25362595245656055
TEST_0866,0.3523536976604722
TEST_0867,0.2777278690649589
TEST_0868,0.17178402653576788
TEST_0869,0.36244747308502007
TEST_0870,0.31048938545586974
TEST_0871,0.15409248837973075
TEST_0872,0.2739564689580529
TEST_0873,0.32022409393206747
TEST_0874,0.2694683379579085
TEST_0875,0.5591889405600351
TEST_0876,0.45188994204225896
TEST_0877,0.4871364769169674
TEST_0878,0.4083191445384044
TEST_0879,0.4252170862984341
TEST_0880,0.23644572961249602
TEST_0881,0.17514607182574268
TEST_0882,0.686789850703705
TEST_0883,0.2839960642194753
TEST_0884,0.3539433308994932
TEST_0885,0.186195347630963
TEST_0886,0.28169211406232975
TEST_0887,0.3376674665923007
TEST_0888,0.3999768391047001
TEST_0889,0.18511145449653127
TEST_0890,0.2798879294640838
TEST_0891,0.15095271246044306
TEST_0892,0.6432425727614718
TEST_0893,0.15101767760720222
TEST_0894,0.44005457370367407
TEST_0895,0.48971274538965504
TEST_0896,0.3940975644150687
TEST_0897,0.48529322472485203
TEST_0898,0.3296306771718697
TEST_0899,0.39648453927003136
TEST_0900,0.23684698170746973
TEST_0901,0.2488851599530583
TEST_0902,0.47141338200724503
TEST_0903,0.12025442052825085
TEST_0904,0.48156516452474546
TEST_0905,0.1958062518394878
TEST_0906,0.43658787826905465
TEST_0907,0.21075541806653197
TEST_0908,0.23391725104185573
TEST_0909,0.213751260515477
TEST_0910,0.19526917737756874
TEST_0911,0.2890361242709385
TEST_0912,0.49991276089543535
TEST_0913,0.32758830711315173
TEST_0914,0.27737686181368826
TEST_0915,0.34621897884249414
TEST_0916,0.16100669892777061
TEST_0917,0.3191882400258175
TEST_0918,0.4487466830489269
TEST_0919,0.15085822936469026
TEST_0920,0.20267670719079323
TEST_0921,0.23123570176522373
TEST_0922,0.37362882161874617
TEST_0923,0.5028107356699429
TEST_0924,0.3041794760678663
TEST_0925,0.21777331106902692
TEST_0926,0.16225563671923082
TEST_0927,0.24987515793294202
TEST_0928,0.22119998480509476
TEST_0929,0.264809371348891
TEST_0930,0.18298908405295894
TEST_0931,0.22844372839685675
TEST_0932,0.17046186077262374
TEST_0933,0.20790327551067422
TEST_0934,0.3769964453357577
TEST_0935,0.5889706824473584
TEST_0936,0.3379374734845758
TEST_0937,0.14994930614557592
TEST_0938,0.1504247857788615
TEST_0939,0.18576286805676315
TEST_0940,0.2942190313015772
TEST_0941,0.3556403230554762
TEST_0942,0.4046423300982643
TEST_0943,0.19199823959222553
TEST_0944,0.2515139829460523
TEST_0945,0.3526963735741706
TEST_0946,0.07923257353009902
TEST_0947,0.2933232769753715
TEST_0948,0.22140949462050746
TEST_0949,0.163802943749152
TEST_0950,0.23862674594395278
TEST_0951,0.6117991697669558
TEST_0952,0.19205286039638497
TEST_0953,0.2668639096195074
TEST_0954,0.159730299525992
TEST_0955,0.353899706764923
TEST_0956,0.4052944817874337
TEST_0957,0.23031359476606156
TEST_0958,0.4418565637344107
TEST_0959,0.5240493682018839
TEST_0960,0.1372262155177186
TEST_0961,0.474000236584176
TEST_0962,0.2730308738848456
TEST_0963,0.189126152992914
TEST_0964,0.3033699447033126
TEST_0965,0.268450733470989
TEST_0966,0.6139152558811083
TEST_0967,0.31316433068115357
TEST_0968,0.19619813003572936
TEST_0969,0.20877007646377488
TEST_0970,0.16338680342169176
TEST_0971,0.18218187161467816
TEST_0972,0.10698096298043529
TEST_0973,0.23438672923082615
TEST_0974,0.22990277741604961
TEST_0975,0.46247498763095934
TEST_0976,0.25013106453974593
TEST_0977,0.2184096823391823
TEST_0978,0.19934482506945617
TEST_0979,0.3373162779710316
TEST_0980,0.4488511796825096
TEST_0981,0.477493227293196
TEST_0982,0.24440957252284004
TEST_0983,0.2689300596694081
TEST_0984,0.1765108544861757
TEST_0985,0.503219285938998
TEST_0986,0.15051875324094982
TEST_0987,0.3669901011783121
TEST_0988,0.26665448301220457
TEST_0989,0.24580538061274743
TEST_0990,0.24152059622109012
TEST_0991,0.19525399136782098
TEST_0992,0.397533403806749
TEST_0993,0.308694446170999
TEST_0994,0.1597991371377117
TEST_0995,0.13669099895976944
TEST_0996,0.1325082061715053
TEST_0997,0.19012989063505656
TEST_0998,0.36045425360127653
TEST_0999,0.3460705139403455
TEST_1000,0.35826582718637995
TEST_1001,0.3131920156931519
TEST_1002,0.3980821583199006
TEST_1003,0.2158502522497705
TEST_1004,0.3407145373637688
TEST_1005,0.37978340853481074
TEST_1006,0.3817654682119494
TEST_1007,0.6391625438663976
TEST_1008,0.410331743525237
TEST_1009,0.2340291597894337
TEST_1010,0.32108135172882596
TEST_1011,0.20544587569991224
TEST_1012,0.1643275841261943
TEST_1013,0.23103699274774564
TEST_1014,0.4849761686003273
TEST_1015,0.1847243756350385
TEST_1016,0.0860790384501025
TEST_1017,0.1605179796559549
TEST_1018,0.18508466506392326
TEST_1019,0.356093068578496
TEST_1020,0.25305249511480005
TEST_1021,0.29870090551138667
TEST_1022,0.29933441720204584
TEST_1023,0.4975811020523244
TEST_1024,0.18492246458933984
TEST_1025,0.09044430546100136
TEST_1026,0.4746653315176611
TEST_1027,0.30425474368601313
TEST_1028,0.2826430309613993
TEST_1029,0.6178601644532055
TEST_1030,0.2594977972461348
TEST_1031,0.27174692090302366
TEST_1032,0.33583413438748466
TEST_1033,0.34666196790612164
TEST_1034,0.2894993692304301
TEST_1035,0.17627716022637233
TEST_1036,0.2024071458742628
TEST_1037,0.2395093127525066
TEST_1038,0.255404814105064
TEST_1039,0.4261479561045322
TEST_1040,0.2268946559994512
TEST_1041,0.46818623668238096
TEST_1042,0.3368711223450922
TEST_1043,0.22144771045911593
TEST_1044,0.15925837786550923
TEST_1045,0.5288089914776165
TEST_1046,0.4215759111825573
TEST_1047,0.36967905099473714
TEST_1048,0.2707590418580363
TEST_1049,0.31408951732328283
TEST_1050,0.160496532089602
TEST_1051,0.27330569338003446
TEST_1052,0.2668116654805074
TEST_1053,0.3092448791660403
TEST_1054,0.5045340134706797
TEST_1055,0.40290628582103444
TEST_1056,0.5741930117164683
TEST_1057,0.3408754061865709
TEST_1058,0.18507021349850256
TEST_1059,0.15675173592539257
TEST_1060,0.27414347733103595
TEST_1061,0.23974306349245686
TEST_1062,0.7588814361741116
TEST_1063,0.5044125043208871
TEST_1064,0.1960485622319422
TEST_1065,0.3151707568972865
TEST_1066,0.32812485197330565
TEST_1067,0.28678832527435144
TEST_1068,0.2936716721689338
TEST_1069,0.3876927711720874
TEST_1070,0.2933793513011018
TEST_1071,0.2672577149753045
TEST_1072,0.17814154381336092
TEST_1073,0.17974327059136436
TEST_1074,0.2102673656821771
TEST_1075,0.3433445806565205
TEST_1076,0.27388415299156404
TEST_1077,0.1475611847769764
TEST_1078,0.20402759557393654
TEST_1079,0.13746175314284356
TEST_1080,0.3215320587641651
TEST_1081,0.1227781299070958
TEST_1082,0.18407200980795052
TEST_1083,0.36037374370361913
TEST_1084,0.3006775923823064
TEST_1085,0.12368130803796128
TEST_1086,0.5482970792560401
TEST_1087,0.3036375395570881
TEST_1088,0.2290000647163672
TEST_1089,0.3345698276953313
TEST_1090,0.5296859546092385
TEST_1091,0.24885122599083143
TEST_1092,0.18199193022398766
TEST_1093,0.2546633108519363
TEST_1094,0.3816247126441673
TEST_1095,0.3132364835553995
TEST_1096,0.3268572013713616
TEST_1097,0.1839443959921906
TEST_1098,0.4278299503030117
TEST_1099,0.3429428968065606
TEST_1100,0.2861903956747765
TEST_1101,0.29589807989167305
TEST_1102,0.5687767728055511
TEST_1103,0.25589386099664696
TEST_1104,0.19607632385731028
TEST_1105,0.26614434914226587
TEST_1106,0.2137301598036236
TEST_1107,0.15640619112786677
TEST_1108,0.38501339448382504
TEST_1109,0.4806546924566421
TEST_1110,0.3140884444460056
TEST_1111,0.42401725643468624
TEST_1112,0.16292001649434407
TEST_1113,0.1459406278443459
TEST_1114,0.40280466454055397
TEST_1115,0.17775659249506318
TEST_1116,0.42541895092254456
TEST_1117,0.35964738545567493
TEST_1118,0.2556830347961044
TEST_1119,0.4121615638764678
TEST_1120,0.3080595955277427
TEST_1121,0.1554481247043759
TEST_1122,0.23954220319355485
TEST_1123,0.34090416406201224
TEST_1124,0.2514847594321493
TEST_1125,0.38585969455748464
TEST_1126,0.1284603186629895
TEST_1127,0.18095277189200235
TEST_1128,0.3276361380009008
TEST_1129,0.4338498404520516
TEST_1130,0.34194960748700104
TEST_1131,0.26723885956848675
TEST_1132,0.3111807559913313
TEST_1133,0.14270938913745232
TEST_1134,0.5406310439122244
TEST_1135,0.34713798236975807
TEST_1136,0.44595399935475055
TEST_1137,0.13539254845857884
TEST_1138,0.6171880919312548
TEST_1139,0.14948087523183265
TEST_1140,0.3510661700072548
TEST_1141,0.24263963465845345
TEST_1142,0.16143089032299274
TEST_1143,0.18038389589274123
TEST_1144,0.41835234428485757
TEST_1145,0.23851516117403412
TEST_1146,0.6367569242727538
TEST_1147,0.7058754205737008
TEST_1148,0.2280923470985211
TEST_1149,0.3292277037761468
TEST_1150,0.4817199796045836
TEST_1151,0.3525278310221696
TEST_1152,0.27456479495099495
TEST_1153,0.22467315489808565
TEST_1154,0.17269159274633422
TEST_1155,0.3806712970545313
TEST_1156,0.30880178349637044
TEST_1157,0.320812003763052
TEST_1158,0.2003782504305424
TEST_1159,0.21181038318110149
TEST_1160,0.3970623125706219
TEST_1161,0.43135714031551636
TEST_1162,0.18760676552373648
TEST_1163,0.17557675919677937
TEST_1164,0.31256412742688455
TEST_1165,0.396023609282233
TEST_1166,0.31153919993846174
TEST_1167,0.39670627935593605
TEST_1168,0.3266735037204574
TEST_1169,0.540117182609685
TEST_1170,0.2507842078987906
TEST_1171,0.22008307972365165
TEST_1172,0.17647704933663488
TEST_1173,0.22142776034408176
TEST_1174,0.13354429696556055
TEST_1175,0.28386037056715396
TEST_1176,0.15129054220239244
TEST_1177,0.39404127049360227
TEST_1178,0.3145682742091891
TEST_1179,0.16835155502198532
TEST_1180,0.4980729739706672
TEST_1181,0.1337157003866107
TEST_1182,0.10094351470317235
TEST_1183,0.640505509878305
TEST_1184,0.24917927665242928
TEST_1185,0.391548566374619
TEST_1186,0.20378374427349616
TEST_1187,0.4494464897514236
TEST_1188,0.1906463204638886
TEST_1189,0.2919819184728821
TEST_1190,0.604165078864314
TEST_1191,0.2830915059275759
TEST_1192,0.30818274933255113
TEST_1193,0.32396743436463765
TEST_1194,0.25665186223068187
TEST_1195,0.7820238127820075
TEST_1196,0.3585843695526186
TEST_1197,0.2705494992220547
TEST_1198,0.3561487813357798
TEST_1199,0.5271550868076131
TEST_1200,0.3471471825103428
TEST_1201,0.33810611013583114
TEST_1202,0.2915353931601118
TEST_1203,0.44717703571395373
TEST_1204,0.2163664160149098
TEST_1205,0.15010701370310373
TEST_1206,0.20548487094890247
TEST_1207,0.22967464832148385
TEST_1208,0.3738449404169737
TEST_1209,0.2182841988065454
TEST_1210,0.23614926853612972
TEST_1211,0.37347120933727423
TEST_1212,0.2765563576463125
TEST_1213,0.3518543321725885
TEST_1214,0.2216410031480614
TEST_1215,0.7280753206299857
TEST_1216,0.5873943689878286
TEST_1217,0.15021945148359928
TEST_1218,0.3424201490801795
TEST_1219,0.10201487504688155
TEST_1220,0.13203749744542573
TEST_1221,0.35027131351382546
TEST_1222,0.20902632552077463
TEST_1223,0.2288078197350685
TEST_1224,0.26948436153157895
TEST_1225,0.29138538606341957
TEST_1226,0.24502167388182675
TEST_1227,0.269784724692621
TEST_1228,0.15360452526490975
TEST_1229,0.26875884072856837
TEST_1230,0.20105189225922382
TEST_1231,0.21346022086087577
TEST_1232,0.3087701572346417
TEST_1233,0.2614783008464528
TEST_1234,0.18668669032128435
TEST_1235,0.5071109718977077
TEST_1236,0.7006990621846672
TEST_1237,0.27273393152265757
TEST_1238,0.6546932444763801
TEST_1239,0.2632766262356253
TEST_1240,0.2623286360010713
TEST_1241,0.2563552678464858
TEST_1242,0.2568767064437741
TEST_1243,0.122309030879926
TEST_1244,0.4319066355164708
TEST_1245,0.40648712971377404
TEST_1246,0.4081176012091141
TEST_1247,0.20507700421314878
TEST_1248,0.37017621317858596
TEST_1249,0.2851120521842463
TEST_1250,0.2162511843532115
TEST_1251,0.24174602543389065
TEST_1252,0.3918269577045468
TEST_1253,0.2067217567762397
TEST_1254,0.480693595377825
TEST_1255,0.30247929510989524
TEST_1256,0.24872132083389625
TEST_1257,0.2559912533733619
TEST_1258,0.3140444990950226
TEST_1259,0.42619971167648507
TEST_1260,0.6080357562438364
TEST_1261,0.27227455271799134
TEST_1262,0.29555345702058244
TEST_1263,0.22084192855199394
TEST_1264,0.2104640606437101
TEST_1265,0.2692760071434188
TEST_1266,0.26642899921396046
TEST_1267,0.3132010098148702
TEST_1268,0.14803914889404987
TEST_1269,0.32763746833185037
TEST_1270,0.368395357210966
TEST_1271,0.38736379196685183
TEST_1272,0.2716699173545234
TEST_1273,0.2725918836320854
TEST_1274,0.16623135898462796
TEST_1275,0.3053450348950269
TEST_1276,0.33519885214939604
TEST_1277,0.09020639744859847
TEST_1278,0.6197963584389735
TEST_1279,0.2598519454158152
TEST_1280,0.4987397374280324
TEST_1281,0.24451875436265919
TEST_1282,0.19608410009945246
TEST_1283,0.14962272956161024
TEST_1284,0.28886771745668016
TEST_1285,0.16511793005908912
TEST_1286,0.23582611139326606
TEST_1287,0.33383094007583125
TEST_1288,0.3238873147943474
TEST_1289,0.2621963733119123
TEST_1290,0.5880337665350179
TEST_1291,0.21187092924297696
TEST_1292,0.218306307219304
TEST_1293,0.2972379551136035
TEST_1294,0.27605617967676677
TEST_1295,0.15689393463024287
TEST_1296,0.17647481178808302
TEST_1297,0.3488942822204127
TEST_1298,0.34673413985575813
TEST_1299,0.16692495278514657
TEST_1300,0.22326831094924476
TEST_1301,0.4102431538890145
TEST_1302,0.21240272659012074
TEST_1303,0.26969058397720874
TEST_1304,0.24159834296575142
TEST_1305,0.35102629189495055
TEST_1306,0.2560382358199035
TEST_1307,0.10209457289340171
TEST_1308,0.13256046663338375
TEST_1309,0.25199379428166224
TEST_1310,0.4570625482045945
TEST_1311,0.27690736727903453
TEST_1312,0.29770556324115943
TEST_1313,0.4585891459432353
TEST_1314,0.3458728598112638
TEST_1315,0.1948922241456154
TEST_1316,0.39671450999296787
TEST_1317,0.21683339950319416
TEST_1318,0.39773230373591184
TEST_1319,0.4862607546592748
TEST_1320,0.35586741502743136
TEST_1321,0.2831184672437898
TEST_1322,0.46358000928058846
TEST_1323,0.36015589269495724
TEST_1324,0.2610997631627026
TEST_1325,0.31347693354419837
TEST_1326,0.3002556141012315
TEST_1327,0.35830324288264154
TEST_1328,0.16452012013654993
TEST_1329,0.3493369405791553
TEST_1330,0.24100680773799635
TEST_1331,0.4214412527366974
TEST_1332,0.346702176473259
TEST_1333,0.16296770367409408
TEST_1334,0.40402502101707677
TEST_1335,0.2918222477152162
TEST_1336,0.16419727652946225
TEST_1337,0.3442730974641493
TEST_1338,0.4131099331818195
TEST_1339,0.4593421415759112
TEST_1340,0.46987150463605637
TEST_1341,0.26957869798370077
TEST_1342,0.36828468313978513
TEST_1343,0.322991498557156
TEST_1344,0.46592447473048026
TEST_1345,0.27092859058515656
TEST_1346,0.6620119542928516
TEST_1347,0.2081598434094332
TEST_1348,0.6298211856291096
TEST_1349,0.10982287060416662
TEST_1350,0.41882741358648645
TEST_1351,0.40450923126299626
TEST_1352,0.19269717729935631
TEST_1353,0.2784778931172086
TEST_1354,0.27628344579901154
TEST_1355,0.2537745393710784
TEST_1356,0.15970355996964636
TEST_1357,0.27482835536410744
TEST_1358,0.12534823052597374
TEST_1359,0.2578083121928193
TEST_1360,0.24347675860586604
TEST_1361,0.20653225505430264
TEST_1362,0.3025147755519857
TEST_1363,0.27888940160619646
TEST_1364,0.5657598374388176
TEST_1365,0.5569956982370189
TEST_1366,0.3235215606219528
TEST_1367,0.27328720034050863
TEST_1368,0.6102845567596088
TEST_1369,0.5290955418292476
TEST_1370,0.10369831635455372
TEST_1371,0.514924461163047
TEST_1372,0.5485719792042358
TEST_1373,0.3702916134603148
TEST_1374,0.16176230283104032
TEST_1375,0.43902480559835994
TEST_1376,0.21214471801441767
TEST_1377,0.3437176382898061
TEST_1378,0.5400564138549834
TEST_1379,0.43463055658781086
TEST_1380,0.16703148126550918
TEST_1381,0.29163592652645876
TEST_1382,0.336927899767393
TEST_1383,0.1591789039375193
TEST_1384,0.2308458287069321
TEST_1385,0.43887621527991383
TEST_1386,0.3323495622512784
TEST_1387,0.23525805538410807
TEST_1388,0.39683978697185607
TEST_1389,0.2335685661790484
TEST_1390,0.21670312166232036
TEST_1391,0.16080635558096895
TEST_1392,0.3800526260048074
TEST_1393,0.08162042767160081
TEST_1394,0.44418659703522395
TEST_1395,0.4442363913578754
TEST_1396,0.36956419227084586
TEST_1397,0.1889050760524203
TEST_1398,0.5488124878918889
TEST_1399,0.34376703966567307
TEST_1400,0.3315050973945864
TEST_1401,0.1691799972747077
TEST_1402,0.11599865344803365
TEST_1403,0.23251284128519203
TEST_1404,0.24186722064694013
TEST_1405,0.2975916745990528
TEST_1406,0.3783588125010406
TEST_1407,0.3245060444880682
TEST_1408,0.31626124537255507
TEST_1409,0.3684446818114517
TEST_1410,0.2180581964286449
TEST_1411,0.15307893001501732
TEST_1412,0.17681417093758747
TEST_1413,0.12550265136238464
TEST_1414,0.23522706769208837
TEST_1415,0.5329250017612776
TEST_1416,0.5065289198038747
TEST_1417,0.3023808493090389
TEST_1418,0.29250697997623015
TEST_1419,0.21663914441284096
TEST_1420,0.25714975630696685
TEST_1421,0.26542673729260574
TEST_1422,0.4815897782688565
TEST_1423,0.45743955499263234
TEST_1424,0.4749667273511334
TEST_1425,0.1817180592371912
TEST_1426,0.20244226866563986
TEST_1427,0.40614009058920414
TEST_1428,0.32760999550732756
TEST_1429,0.26744972514837567
TEST_1430,0.49603366975100616
TEST_1431,0.2992365559540774
TEST_1432,0.16530858856947891
TEST_1433,0.3823649614679598
TEST_1434,0.3433898914016142
TEST_1435,0.41778045918659085
TEST_1436,0.1715567949981898
TEST_1437,0.3729633631900764
TEST_1438,0.25166588334728357
TEST_1439,0.25909974953946935
TEST_1440,0.5544275331066041
TEST_1441,0.21305598441143672
TEST_1442,0.1632158265172638
TEST_1443,0.2923447282176524
TEST_1444,0.41278015400503126
TEST_1445,0.21345609536639454
TEST_1446,0.6061604225623046
TEST_1447,0.2725507214360305
TEST_1448,0.21549802291145126
TEST_1449,0.26138592078783485
TEST_1450,0.21207449730528427
TEST_1451,0.4320316858661698
TEST_1452,0.4542060195212408
TEST_1453,0.22263046015278315
TEST_1454,0.2969144742219795
TEST_1455,0.2685027436349917
TEST_1456,0.43844029153493513
TEST_1457,0.2633778062223681
TEST_1458,0.6368308856202539
TEST_1459,0.17611715259396085
TEST_1460,0.13531932774968328
TEST_1461,0.16108288645442856
TEST_1462,0.08573027692717002
TEST_1463,0.40189935448959346
TEST_1464,0.28729364994755513
TEST_1465,0.24918016617866806
TEST_1466,0.126260783842011
TEST_1467,0.24950342178972315
TEST_1468,0.7135973995957047
TEST_1469,0.2706730980254065
TEST_1470,0.5724508850832144
TEST_1471,0.4543567180252545
TEST_1472,0.20704356577843466
TEST_1473,0.09445333426638836
TEST_1474,0.30329078831238493
TEST_1475,0.1662239454498336
TEST_1476,0.2688683788056118
TEST_1477,0.17850686597541315
TEST_1478,0.5104447646920756
TEST_1479,0.21144803468122492
TEST_1480,0.17075942827197277
TEST_1481,0.2345968851020195
TEST_1482,0.35832797424101576
TEST_1483,0.2222329842983342
TEST_1484,0.3382757821586439
TEST_1485,0.23330432009906127
TEST_1486,0.3077453134939172
TEST_1487,0.1833426482898073
TEST_1488,0.6175651043443485
TEST_1489,0.5106490628636606
TEST_1490,0.181603804572213
TEST_1491,0.24411649081810685
TEST_1492,0.20238652915473884
TEST_1493,0.34264624359882667
TEST_1494,0.15837130310227507
TEST_1495,0.22842991459917802
TEST_1496,0.3948231036560956
TEST_1497,0.2954872608675575
TEST_1498,0.5329519031377266
TEST_1499,0.428335303562093
TEST_1500,0.2754743670660994
TEST_1501,0.24544517500883486
TEST_1502,0.3428684424745186
TEST_1503,0.28180887629854134
TEST_1504,0.7099854854976125
TEST_1505,0.5197775020760831
TEST_1506,0.2430565011422706
TEST_1507,0.5004318532213642
TEST_1508,0.6386219361847659
TEST_1509,0.4368735648549955
TEST_1510,0.17180179799032402
TEST_1511,0.32659622664485377
TEST_1512,0.4864945482204079
TEST_1513,0.3690618682361468
TEST_1514,0.20328484240785377
TEST_1515,0.2906196868824173
TEST_1516,0.21140216389932825
TEST_1517,0.438081184139743
TEST_1518,0.21266853262717228
TEST_1519,0.21273585697581573
TEST_1520,0.19817810971817623
TEST_1521,0.26137678630628236
TEST_1522,0.37970241208824057
TEST_1523,0.4635178642901229
TEST_1524,0.21642679331371928
TEST_1525,0.3727465327045241
TEST_1526,0.4403852744067723
TEST_1527,0.43191819133654463
TEST_1528,0.20099724423211418
TEST_1529,0.36757886500380865
TEST_1530,0.23212761804879653
TEST_1531,0.295362568141447
TEST_1532,0.28601848580315925
TEST_1533,0.3257138175771593
TEST_1534,0.33902433901969287
TEST_1535,0.308804097111792
TEST_1536,0.25299211829075047
TEST_1537,0.32266978720964046
TEST_1538,0.36826713763433744
TEST_1539,0.20352794238278954
TEST_1540,0.19314619524909377
TEST_1541,0.13392020457285173
TEST_1542,0.5014908796570694
TEST_1543,0.2979342795515481
TEST_1544,0.21804379731458742
TEST_1545,0.5576152913127453
TEST_1546,0.22081661778526088
TEST_1547,0.2119576096017779
TEST_1548,0.1868611064342655
TEST_1549,0.21110457264547264
TEST_1550,0.4110351235254061
TEST_1551,0.30814485790302537
TEST_1552,0.3571144827808926
TEST_1553,0.19114727669951193
TEST_1554,0.23753207321167555
TEST_1555,0.2778713571912876
TEST_1556,0.20834375213052891
TEST_1557,0.4260259814919406
TEST_1558,0.5284808580020394
TEST_1559,0.29315807380979775
TEST_1560,0.27220971356731183
TEST_1561,0.2465696240313296
TEST_1562,0.4457829821532106
TEST_1563,0.37983122165220984
TEST_1564,0.11080608664660106
TEST_1565,0.3078019145452165
TEST_1566,0.2055234085375734
TEST_1567,0.3842934556128718
TEST_1568,0.24216733830721016
TEST_1569,0.14495237437283648
TEST_1570,0.1603300087958765
TEST_1571,0.2542084710197033
TEST_1572,0.4106668530328635
TEST_1573,0.24475911697368266
TEST_1574,0.5668028561565879
TEST_1575,0.3028940863334615
TEST_1576,0.4097346220679443
TEST_1577,0.32404523094745485
TEST_1578,0.26351890069841866
TEST_1579,0.2983193658935464
TEST_1580,0.24166285490758985
TEST_1581,0.10837081645055122
TEST_1582,0.24357526000529803
TEST_1583,0.2312747445346077
TEST_1584,0.17317885656191173
TEST_1585,0.29248720090537605
TEST_1586,0.18192990593542144
TEST_1587,0.19155561917102623
TEST_1588,0.23473111520266027
TEST_1589,0.27832755952805455
TEST_1590,0.5585393321984989
TEST_1591,0.2992811593394109
TEST_1592,0.27550066946398766
TEST_1593,0.3818967278655756
TEST_1594,0.33862369747636967
TEST_1595,0.4080900564866516
TEST_1596,0.243791594598629
TEST_1597,0.2649325472034549
TEST_1598,0.28358995173941504
TEST_1599,0.40305788067444054
TEST_1600,0.37508011443815314
TEST_1601,0.15283464304310437
TEST_1602,0.07260203658216019
TEST_1603,0.16601718037060836
TEST_1604,0.7792097191187723
TEST_1605,0.3711826778025006
TEST_1606,0.2117142549535965
TEST_1607,0.15729016344550634
TEST_1608,0.05462465183016222
TEST_1609,0.3340792161021673
TEST_1610,0.24315410160018167
TEST_1611,0.3336810359436364
TEST_1612,0.4771660963796699
TEST_1613,0.17741058288707873
TEST_1614,0.29465540498461934
TEST_1615,0.5483009617925926
TEST_1616,0.7394794767038109
TEST_1617,0.12563039590862576
TEST_1618,0.15640631672561903
TEST_1619,0.19610849044514264
TEST_1620,0.1570024022472489
TEST_1621,0.3656401824518831
TEST_1622,0.14394695603379568
TEST_1623,0.26741051998185666
TEST_1624,0.3833464445604244
TEST_1625,0.4248105153123115
TEST_1626,0.5079905429582386
TEST_1627,0.39897368059858723
TEST_1628,0.5559912849511004
TEST_1629,0.3268600906866938
TEST_1630,0.33475233822829537
TEST_1631,0.10866921564574684
TEST_1632,0.21307241147393235
TEST_1633,0.3513843216048553
TEST_1634,0.12495538493660265
TEST_1635,0.19835516976663142
TEST_1636,0.3792416010420319
TEST_1637,0.1765655836633457
TEST_1638,0.3508351401726362
TEST_1639,0.4038847359328408
TEST_1640,0.37447761118261086
TEST_1641,0.288931114015952
TEST_1642,0.12667308289110984
TEST_1643,0.45159868323212604
TEST_1644,0.4715215210260761
TEST_1645,0.24171494834081542
TEST_1646,0.22453245113163764
TEST_1647,0.21697174853099654
TEST_1648,0.2462282923817168
TEST_1649,0.27298398425236553
TEST_1650,0.1928290573708051
TEST_1651,0.16123295520333203
TEST_1652,0.17600094921275275
TEST_1653,0.16749681185541757
TEST_1654,0.18335397656677185
TEST_1655,0.3707143996056784
TEST_1656,0.2322758797518655
TEST_1657,0.3282667001969132
TEST_1658,0.14125887519547295
TEST_1659,0.7101667965310619
TEST_1660,0.4437208802243143
TEST_1661,0.2290450058826903
TEST_1662,0.23218123974986937
TEST_1663,0.4548784025096348
TEST_1664,0.2990665006237403
TEST_1665,0.14220321959589644
TEST_1666,0.4014416447380894
TEST_1667,0.4333860087368905
TEST_1668,0.19267895317652523
TEST_1669,0.31817549575376913
TEST_1670,0.29550774616056236
TEST_1671,0.261659041989849
TEST_1672,0.40942044350480505
TEST_1673,0.23821780847584412
TEST_1674,0.19753742585918183
TEST_1675,0.5023633375888362
TEST_1676,0.3860766907073442
TEST_1677,0.20183698014977053
TEST_1678,0.2585745009503824
TEST_1679,0.2271122260754565
TEST_1680,0.27197624051615177
TEST_1681,0.3100358132156069
TEST_1682,0.2221661912953347
TEST_1683,0.4601497846656186
TEST_1684,0.4176132955400389
TEST_1685,0.22199776461131554
TEST_1686,0.22725575229460848
TEST_1687,0.4548338364650499
TEST_1688,0.26327529938531424
TEST_1689,0.1947446455616858
TEST_1690,0.24358041486869902
TEST_1691,0.24429272765853247
TEST_1692,0.29203858714655095
TEST_1693,0.4205229326339996
TEST_1694,0.17015150746138846
TEST_1695,0.25875030850564873
TEST_1696,0.42415085916208173
TEST_1697,0.2683418557144284
TEST_1698,0.24278052703086778
TEST_1699,0.3821547960724444
TEST_1700,0.12653768180262734
TEST_1701,0.5401810958834381
TEST_1702,0.24677009000661873
TEST_1703,0.2824535315739491
TEST_1704,0.25166399178031923
TEST_1705,0.19071277141265291
TEST_1706,0.2705060456447011
TEST_1707,0.3147188986601584
TEST_1708,0.15072237548809111
TEST_1709,0.183592559873157
TEST_1710,0.26529673620577093
TEST_1711,0.11064516634504312
TEST_1712,0.3197054146101718
TEST_1713,0.24489518199622068
TEST_1714,0.31349368395075167
TEST_1715,0.2549820729400489
TEST_1716,0.2414456117992314
TEST_1717,0.5431048390830934
TEST_1718,0.3286278731335909
TEST_1719,0.29510289283380753
TEST_1720,0.4135294579880852
TEST_1721,0.15996389235794442
TEST_1722,0.23552975769231224
TEST_1723,0.19160226826332613
TEST_1724,0.3016935997046489
TEST_1725,0.1596504161769261
TEST_1726,0.20327731825621687
TEST_1727,0.24180092899836747
TEST_1728,0.30227987716177745
TEST_1729,0.3938624554533592
TEST_1730,0.42885685721714273
TEST_1731,0.17918831139396563
TEST_1732,0.41948737525206115
TEST_1733,0.421261463584399
TEST_1734,0.16464748674880755
TEST_1735,0.2056701205545848
TEST_1736,0.2934663415933341
TEST_1737,0.5174311216242293
TEST_1738,0.2329960001942284
TEST_1739,0.27966777933943976
TEST_1740,0.4798100183843161
TEST_1741,0.1723532521830245
TEST_1742,0.1760242608741475
TEST_1743,0.38499746588031264
TEST_1744,0.25700755288561744
TEST_1745,0.14687050402665286
TEST_1746,0.44865535638704035
TEST_1747,0.6130767663220605
TEST_1748,0.4590327532500632
TEST_1749,0.1623066164740615
TEST_1750,0.17145280401753288
TEST_1751,0.2608816098176632
TEST_1752,0.3411546923684599
TEST_1753,0.20277975024020792
TEST_1754,0.3110863159060879
TEST_1755,0.3616753805553993
TEST_1756,0.197722229562183
TEST_1757,0.6127804016019701
TEST_1758,0.22083752599872114
TEST_1759,0.5455610351292655
TEST_1760,0.3182235183421026
TEST_1761,0.43920074680027493
TEST_1762,0.15608938028833275
TEST_1763,0.2851126858856098
TEST_1764,0.4569158353861788
TEST_1765,0.1364153632496034
TEST_1766,0.36044516630336987
TEST_1767,0.35707408795343404
TEST_1768,0.3913605108507192
TEST_1769,0.22906166459128874
TEST_1770,0.6430319176272846
TEST_1771,0.2052720052350377
TEST_1772,0.34090561348935916
TEST_1773,0.30404845686793647
TEST_1774,0.6357158391240133
TEST_1775,0.18212576498492214
TEST_1776,0.710651447513534
TEST_1777,0.20481835566352516
TEST_1778,0.13726664065535252
TEST_1779,0.5014322908059231
TEST_1780,0.3247944644953751
TEST_1781,0.296172372843647
TEST_1782,0.5906424420052456
TEST_1783,0.39086789343703854
TEST_1784,0.31971473779776977
TEST_1785,0.1901425791061937
TEST_1786,0.3551866952440761
TEST_1787,0.4188257274916867
TEST_1788,0.2993744697221726
TEST_1789,0.2121561040581481
TEST_1790,0.12860848673879216
TEST_1791,0.3491906268118675
TEST_1792,0.3476661082354732
TEST_1793,0.3235371972201568
TEST_1794,0.32946527827668437
TEST_1795,0.47261477770428834
TEST_1796,0.16657046695091124
TEST_1797,0.49310531064069807
TEST_1798,0.18325689968532669
TEST_1799,0.42954623338349657
TEST_1800,0.2007771012170456
TEST_1801,0.2520144906010859
TEST_1802,0.2691131175163948
TEST_1803,0.31567289117811304
TEST_1804,0.17933802464555434
TEST_1805,0.4430150839494507
TEST_1806,0.2540437105341398
TEST_1807,0.22947904552654497
TEST_1808,0.31211613533872234
TEST_1809,0.4314007981013257
TEST_1810,0.2865337226699863
TEST_1811,0.3348025616016509
TEST_1812,0.11775082133673481
TEST_1813,0.3135345122063618
TEST_1814,0.26784564356193435
TEST_1815,0.19678049339196765
TEST_1816,0.23549845651320525
TEST_1817,0.4853775726763195
TEST_1818,0.2893017594477757
TEST_1819,0.2588540595614495
TEST_1820,0.2473707075256957
TEST_1821,0.4577548677983258
TEST_1822,0.5308639022159041
TEST_1823,0.19889591344969862
TEST_1824,0.30119079711004393
TEST_1825,0.34916834371580807
TEST_1826,0.3243241948978852
TEST_1827,0.2252474936429129
TEST_1828,0.2694960098373318
TEST_1829,0.4806844569209549
TEST_1830,0.16404112559411613
TEST_1831,0.345325159224521
TEST_1832,0.2357834650032547
TEST_1833,0.29075990492809944
TEST_1834,0.6426840584883954
TEST_1835,0.22225294538677987
TEST_1836,0.27965096938699935
TEST_1837,0.17967443450822854
TEST_1838,0.3403329696747073
TEST_1839,0.21743299769677668
TEST_1840,0.2895634196279461
TEST_1841,0.23626176450982617
TEST_1842,0.3142627751201554
TEST_1843,0.4021802119159208
TEST_1844,0.4671551574786417
TEST_1845,0.19197579805675943
TEST_1846,0.3160295812681515
TEST_1847,0.4961907594012652
TEST_1848,0.316845757793573
TEST_1849,0.2931358104552572
TEST_1850,0.2121452812096588
TEST_1851,0.20766741690862095
TEST_1852,0.48765960374993694
TEST_1853,0.47399932787832894
TEST_1854,0.2569753461339238
TEST_1855,0.6003967203275951
TEST_1856,0.14481575042387668
TEST_1857,0.3731706660220383
TEST_1858,0.2687203680005692
TEST_1859,0.45742209417285296
TEST_1860,0.3663407945696192
TEST_1861,0.2648733282605712
TEST_1862,0.29779882843623734
TEST_1863,0.22151674251348002
TEST_1864,0.33203092709868093
TEST_1865,0.17931114566624
TEST_1866,0.3412084097015464
TEST_1867,0.6250666736612907
TEST_1868,0.2108496768584221
TEST_1869,0.32628404619461693
TEST_1870,0.1939231484536608
TEST_1871,0.22215481791963881
TEST_1872,0.5882153325858284
TEST_1873,0.29223702887287334
TEST_1874,0.3079750682373545
TEST_1875,0.14822362963000843
TEST_1876,0.44827793457132714
TEST_1877,0.20368484881308857
TEST_1878,0.23056932133941785
TEST_1879,0.6014190911654875
TEST_1880,0.33128731802053574
TEST_1881,0.2916003464360276
TEST_1882,0.4149451415476358
TEST_1883,0.31795703122114916
TEST_1884,0.2141825635509123
TEST_1885,0.46977195378984454
TEST_1886,0.18416786101550203
TEST_1887,0.23210575613378415
TEST_1888,0.24385261592713198
TEST_1889,0.18710294655159057
TEST_1890,0.2263377906714643
TEST_1891,0.43828814520024223
TEST_1892,0.26954053833258745
TEST_1893,0.2630777177168126
TEST_1894,0.21227337822327627
TEST_1895,0.3614394934464683
TEST_1896,0.26900201443894595
TEST_1897,0.17218426436257708
TEST_1898,0.18693358481036412
TEST_1899,0.27390826549567127
TEST_1900,0.22235542212091075
TEST_1901,0.44235959778071315
TEST_1902,0.14235782319748375
TEST_1903,0.1591142854169565
TEST_1904,0.26467491214630795
TEST_1905,0.24730437701286723
TEST_1906,0.20927815025448707
TEST_1907,0.1547000911585704
TEST_1908,0.3500095423906827
TEST_1909,0.1843072697716497
TEST_1910,0.3478491869744578
TEST_1911,0.21348982296101107
TEST_1912,0.16742358089890477
TEST_1913,0.20899934261228229
TEST_1914,0.5117595214097341
TEST_1915,0.32102026549145124
TEST_1916,0.18916581807503674
TEST_1917,0.20948022955441273
TEST_1918,0.16444270551847454
TEST_1919,0.1371207514447941
TEST_1920,0.20218307910856884
TEST_1921,0.2931632614502597
TEST_1922,0.14566673834194993
TEST_1923,0.2286384953942975
TEST_1924,0.20238254685343104
TEST_1925,0.2525266803380359
TEST_1926,0.45405135193444524
TEST_1927,0.3566631190074885
TEST_1928,0.17795252361488947
TEST_1929,0.6307925832787924
TEST_1930,0.08467151674239387
TEST_1931,0.18405053397524337
TEST_1932,0.17238050952248563
TEST_1933,0.42807648511044144
TEST_1934,0.14715879189484138
TEST_1935,0.300299404229039
TEST_1936,0.4791147077784632
TEST_1937,0.4841253567183883
TEST_1938,0.24452022688681807
TEST_1939,0.18519816502097305
TEST_1940,0.18643866888204166
TEST_1941,0.21107480374824264
TEST_1942,0.334867457633799
TEST_1943,0.2489576764216321
TEST_1944,0.23555028349365784
TEST_1945,0.22344408371085553
TEST_1946,0.2933846801640216
TEST_1947,0.23216499300037668
TEST_1948,0.44974024739855567
TEST_1949,0.3950481079620992
TEST_1950,0.3142350200354573
TEST_1951,0.2357341914691248
TEST_1952,0.17129062772571718
TEST_1953,0.44846783792057626
TEST_1954,0.28071342106792485
TEST_1955,0.28062733533020656
TEST_1956,0.24700660723707496
TEST_1957,0.39843261005887254
TEST_1958,0.23127104684256092
TEST_1959,0.3361786842105831
TEST_1960,0.32293207801593604
TEST_1961,0.12002874504319824
TEST_1962,0.4036925849025021
TEST_1963,0.30369492495934924
TEST_1964,0.4519530302267452
TEST_1965,0.3649128904086224
TEST_1966,0.1569709689864632
TEST_1967,0.4518861429681012
TEST_1968,0.20044678503414504
TEST_1969,0.17077359271408404
TEST_1970,0.1893228396877373
TEST_1971,0.31972661716228773
TEST_1972,0.3775843714997565
TEST_1973,0.5398733999078477
TEST_1974,0.2360107274610678
TEST_1975,0.2720072256549596
TEST_1976,0.4993460769284015
TEST_1977,0.16976117581081862
TEST_1978,0.21716840243324687
TEST_1979,0.11731359734556746
TEST_1980,0.20127412593333066
TEST_1981,0.19724912339697445
TEST_1982,0.13685907281149898
TEST_1983,0.27707136278850536
TEST_1984,0.19318686176256727
TEST_1985,0.19897989463860952
TEST_1986,0.20474819435083938
TEST_1987,0.5141353437710185
TEST_1988,0.41306654406515536
TEST_1989,0.16141410400427372
TEST_1990,0.36483554612204205
TEST_1991,0.36667481779045996
TEST_1992,0.3643910967066632
TEST_1993,0.2098527926895915
TEST_1994,0.15850958629673953
TEST_1995,0.21659767334743768
TEST_1996,0.47581661688817567
TEST_1997,0.18585944948035452
TEST_1998,0.3867223446596961
TEST_1999,0.3698709181089845
TEST_2000,0.2538372362930584
TEST_2001,0.3938695379019779
TEST_2002,0.447683033968947
TEST_2003,0.6332833472001655
TEST_2004,0.09472369702309912
TEST_2005,0.44440349773840393
TEST_2006,0.29942977551560757
TEST_2007,0.24967225726426284
TEST_2008,0.13587748377655853
TEST_2009,0.2873468039986985
TEST_2010,0.2648024604641562
TEST_2011,0.33410309935628757
TEST_2012,0.2650849241965205
TEST_2013,0.31917101277902793
TEST_2014,0.13028619101057703
TEST_2015,0.23088811140754287
TEST_2016,0.4750566314423612
TEST_2017,0.27649997282373207
TEST_2018,0.16626809671206122
TEST_2019,0.336319620327693
TEST_2020,0.259238471000481
TEST_2021,0.3014234850620088
TEST_2022,0.24407103363384938
TEST_2023,0.33914864858131355
TEST_2024,0.2033825900353801
TEST_2025,0.15467114535163054
TEST_2026,0.1798465889449993
TEST_2027,0.2200124016232446
TEST_2028,0.2058861303769165
TEST_2029,0.4694186914572892
TEST_2030,0.2926675819247555
TEST_2031,0.20291485755778307
TEST_2032,0.26565497829960316
TEST_2033,0.21322909602909418
TEST_2034,0.11368265865748142
TEST_2035,0.19654311013096265
TEST_2036,0.3240623940094563
TEST_2037,0.6934931943777396
TEST_2038,0.26304015871314407
TEST_2039,0.45135789627944956
TEST_2040,0.4312978819087889
TEST_2041,0.262064633688206
TEST_2042,0.31421865412526534
TEST_2043,0.4649970090494023
TEST_2044,0.3688056860857106
TEST_2045,0.3360711016302071
TEST_2046,0.44029269210487826
TEST_2047,0.40956086972218136
TEST_2048,0.4647853798061815
TEST_2049,0.4784584378519881
TEST_2050,0.16834491462733644
TEST_2051,0.27499377808720554
TEST_2052,0.2575560380783457
TEST_2053,0.18716308879824697
TEST_2054,0.6750046298553039
TEST_2055,0.23206933571117858
TEST_2056,0.3356836835577763
TEST_2057,0.14944891454553247
TEST_2058,0.2001060743267579
TEST_2059,0.2780201195307877
TEST_2060,0.3261156372881834
TEST_2061,0.6313797637212465
